"courseSectionExternalId","staffExternalId"
"AFRI010A AF-01 SP2023","20256394"
"AMST191  PO-04 SP2023","10180893"
"ANTH189P PO-01 SP2023","10351624"
"ARHI120  PO-01 SP2023","10370336"
"ART 011  PZ-01 SP2023","50454902"
"ART 115  PO-01 SP2023","10139805"
"ART 141  SC-01 SP2023","20042198"
"ART 188  PO-01 SP2023","10346046"
"ASTR066L KS-02 SP2023","20042241"
"ASTR127  PO-01 SP2023","10346589"
"BIOL001A PO-01 SP2023","10032294"
"BIOL041C PO-03 SP2023","10087641"
"BIOL041E PO-02 SP2023","10087641"
"BIOL138  KS-01 SP2023","20078318"
"BIOL143  KS-02 SP2023","20273219"
"BIOL188L KS-01 SP2023","20042221"
"BIOL189L KS-01 SP2023","20042221"
"BIOL191  KS-01 SP2023","20042221"
"BIOL193  HM-02 SP2023","40084960"
"BIOL194B PO-08 SP2023","10005870"
"CHEM001BLPO-01 SP2023","10091830"
"CHEM015L KS-03 SP2023","20276824"
"CHEM015L KS-07 SP2023","20042124"
"CHEM024  HM-04 SP2023","40215058"
"CHEM024  HM-05 SP2023","40215059"
"CHEM042R HM-05 SP2023","40220256"
"CHEM070L KS-01 SP2023","20276824"
"CHEM070L KS-02 SP2023","20276901"
"CHEM110B PO-02 SP2023","10345516"
"CHEM110B PO-04 SP2023","10044271"
"CHEM117L KS-01 SP2023","20123323"
"CHEM117LXKS-06 SP2023","20264462"
"CHEM117LXKS-11 SP2023","20264462"
"CHEM147  PO-01 SP2023","10366464"
"CHEM158B PO-01 SP2023","10174021"
"CHEM188L KS-01 SP2023","20042221"
"CHEM191  PO-24 SP2023","10032286"
"CHLT157  CH-01 SP2023","50216237"
"CHST192  CH-28 SP2023","10139619"
"CORE002  SC-08 SP2023","20187764"
"CORE079R HM-04 SP2023","40043116"
"CORE079R HM-06 SP2023","40043654"
"CORE079R HM-08 SP2023","40155077"
"CSCI005  HM-01 SP2023","40169278"
"CSCI051A PO-01 SP2023","10354485"
"CSCI070  HM-01 SP2023","40005497"
"CSCI131  HM-01 SP2023","40156281"
"CSCI181AJHM-01 SP2023","40215412"
"CSCI186  HM-01 SP2023","40043116"
"CSCI191  SC-01 SP2023","20042124"
"DANC010  PO-01 SP2023","10043312"
"DANC012  PO-01 SP2023","10042972"
"DANC051  PO-01 SP2023","10042972"
"DANC152  PO-01 SP2023","10351749"
"DANC175  PO-01 SP2023","10358182"
"DS  108  PZ-01 SP2023","50378758"
"EA  010  SC-01 SP2023","20276865"
"EA  078  PZ-01 SP2023","50461084"
"EA  190  PO-01 SP2023","10351684"
"EA  196  KS-01 SP2023","20042124"
"ECON102  PO-01 SP2023","10354731"
"ECON102  SC-01 SP2023","20264569"
"ECON120  SC-01 SP2023","20256430"
"ECON140  PZ-01 SP2023","50423045"
"ECON145  CM-01 SP2023","30372702"
"ECON150  CM-01 SP2023","30251235"
"ECON155  CM-01 SP2023","30251235"
"ECON160  CM-01 SP2023","30214678"
"ECON197S CM-01 SP2023","30353378"
"ENGL055C PO-01 SP2023","10237366"
"ENGL133S SC-01 SP2023","20173557"
"ENGL135  PZ-01 SP2023","50221622"
"ENGL160  PZ-01 SP2023","50461080"
"ENGR004  HM-01 SP2023","40043284"
"ENGR072  HM-01 SP2023P1","40001194"
"ENGR080  HM-01 SP2023","40169710"
"ENGR080  HM-02 SP2023","40220258"
"ENGR085  HM-01 SP2023","40005482"
"ENGR102  HM-01 SP2023","40205195"
"ENGR175  HM-01 SP2023","40005488"
"ENGR190BEHM-01 SP2023","40209986"
"ENGR190M HM-01 SP2023","40215055"
"FHS 010  CM-03 SP2023","30384854"
"FIN 460  CM-01 SP2023","30216438"
"FREN001L CM-01 SP2023","30182015"
"FREN033  PO-02 SP2023","10364484"
"FREN033  PO-03 SP2023","10364484"
"FREN033  SC-02 SP2023","20280623"
"FREN175  PO-01 SP2023","10037773"
"FWS 010  CM-05 SP2023","30313443"
"GEOL181  PO-01 SP2023","10180209"
"GERM002  SC-01 SP2023","20042169"
"GERM013  PO-01 SP2023","10196894"
"GERM193  PO-04 SP2023","10030143"
"GOVT020  CM-01 SP2023","30291353"
"GOVT020  CM-05 SP2023","30026336"
"GOVT060  CM-03 SP2023","30075286"
"GOVT101  CM-01 SP2023","30028646"
"GOVT138C CM-01 SP2023","30384836"
"GRMT014  PO-01 SP2023","10141237"
"GWS 162  PO-01 SP2023","10354740"
"HIST032  CH-01 SP2023","10370226"
"HIST138  PZ-01 SP2023","50010708"
"HIST143  SC-01 SP2023","20042165"
"HIST146  PO-01 SP2023","10138450"
"HIST149  SC-01 SP2023","20280575"
"HIST170  CM-01 SP2023","30378926"
"HIST189G PO-01 SP2023","10361342"
"HSA 010  HM-09 SP2023","40221097"
"HUM 195J SC-01 SP2023","20232550"
"ITAL002  SC-01 SP2023","20187989"
"ITAL002  SC-02 SP2023","20187989"
"LEAD041  CM-01 SP2023","30126424"
"LGCS181  PO-01 SP2023","10351442"
"LIT 038  CM-01 SP2023","30384857"
"LIT 104  HM-01 SP2023","40005407"
"MATH031  PO-01 SP2023","10156943"
"MATH111  CM-01 SP2023","30015610"
"MATH145  PO-01 SP2023","10138393"
"MATH148  CM-01 SP2023","30226804"
"MATH197  HM-01 SP2023","40005433"
"MATH197  HM-02 SP2023","40005470"
"MCBI118B HM-01 SP2023P2","40163647"
"MOBI191B PO-08 SP2023","10005870"
"MOBI191B PO-20 SP2023","10043446"
"MOBI194B PO-56 SP2023","10032294"
"MS  051  PO-01 SP2023","10364689"
"MS  097  PZ-01 SP2023","50445950"
"MS  149T PO-01 SP2023","10092356"
"MS  190  JT-01 SP2023","50010697"
"MSL 101B CM-01 SP2023","30384838"
"MUS 151H SC-01 SP2023","20196117"
"MUS 170F SC-01 SP2023","20187767"
"MUS 171F SC-02 SP2023","20265622"
"MUS 171H SC-03 SP2023","20276809"
"MUS 192  PO-04 SP2023","10042136"
"NEUR168 LPO-01 SP2023","10323940"
"NEUR190L KS-01 SP2023","20042221"
"NEUR191  PO-12 SP2023","10042125"
"NEUR191  PO-20 SP2023","10038267"
"PE  010  JP-01 SP2023","30019945"
"PE  011A JP-01 SP2023","30378952"
"PE  012  JP-01 SP2023","40043435"
"PE  013D JP-01 SP2023","30322654"
"PE  022A PO-02 SP2023","10120233"
"PE  025  PO-01 SP2023","10356474"
"PE  029A JP-02 SP2023","30255736"
"PE  029D JP-01 SP2023","30255736"
"PE  040  PO-02 SP2023","10308956"
"PE  042  JP-01 SP2023","30027303"
"PE  055A PO-01 SP2023","10355923"
"PE  055B PO-01 SP2023","10355923"
"PE  073  PO-01 SP2023","10347989"
"PE  073J JP-01 SP2023","30346589"
"PE  077D PO-01 SP2023","10308956"
"PE  079  PO-01 SP2023","10370462"
"PE  087  PO-01 SP2023","10163975"
"PE  115  JP-01 SP2023","30023264"
"PE  150  PO-01 SP2023","10043270"
"PE  245  JP-01 SP2023","30031488"
"PHIL007  PZ-01 SP2023","50456339"
"PHIL030  CM-01 SP2023","30182165"
"PHIL032  PO-01 SP2023","10358198"
"PHIL080  PO-01 SP2023","10340519"
"PHIL108  PZ-01 SP2023","50456339"
"PHIL170  SC-01 SP2023","20179112"
"PHIL185C PZ-01 SP2023","50010693"
"PHIL191  SC-01 SP2023","20042124"
"PHYS031L KS-02 SP2023","20042124"
"PHYS031L KS-03 SP2023","20042124"
"PHYS031LXKS-05 SP2023","20280591"
"PHYS042  PO-01 SP2023","10361305"
"PHYS042  PO-02 SP2023","10361305"
"PHYS049B HM-02 SP2023","40005340"
"PHYS050  HM-02 SP2023","40220669"
"PHYS052  HM-01 SP2023","40002362"
"PHYS142  PO-01 SP2023","10040539"
"PHYS189L KS-01 SP2023","20042221"
"PHYS191E PO-16 SP2023","10348196"
"POLI113  SC-01 SP2023","20244938"
"POLI187K JT-01 SP2023","20280924"
"POLI189T PO-01 SP2023","10370069"
"POST070  PZ-01 SP2023","50452082"
"POST107  CH-01 SP2023","50461411"
"PPE 011A CM-02 SP2023","30260376"
"PSYC030  CM-01 SP2023","30214075"
"PSYC051  PO-01 SP2023","10087641"
"PSYC051  PO-03 SP2023","10038267"
"PSYC106  PO-01 SP2023","10235574"
"PSYC110  CM-01 SP2023","30274074"
"PSYC154  CM-01 SP2023","30198177"
"PSYC197B CM-06 SP2023","30025477"
"PSYC197B CM-08 SP2023","30323938"
"RLST130B CM-01 SP2023","30378924"
"RLST169  CM-01 SP2023","30274210"
"RUSS191  PO-04 SP2023","10087503"
"SCI 010L CM-01 SP2023","30159755"
"SOC 001  PZ-02 SP2023","50461085"
"SOC 030  CH-01 SP2023","10370226"
"SPAN002  PZ-01 SP2023","50140523"
"SPAN011  PO-02 SP2023","10196894"
"SPAN033L CM-04 SP2023","30378972"
"SPAN033L CM-04 SP2023","30203478"
"SPAN044  CM-01 SP2023","30075707"
"SPAN044L CM-02 SP2023","30034894"
"SPAN044L CM-03 SP2023","30075707"
"SPAN055  PZ-02 SP2023","50413093"
"SPAN125B CM-01 SP2023","30075707"
"SPAN191  PO-08 SP2023","10042248"
"SPAN191  SC-01 SP2023","20042124"
"SPAN199  CM-01 SP2023","30034894"
"TEST001  PZ-01 SP2023","50010831"
"THEA010  PO-01 SP2023","10370355"
"THEA089C PO-01 SP2023","10370355"
"THEA170  PO-01 SP2023","10087641"
"ANTH001  PZ-01 SP2023","50010707"
"ANTH003  PZ-01 SP2023","50010725"
"ANTH009  PZ-01 SP2023","50010671"
"ARBC044  CM-01 SP2023","30347077"
"ARHI141A PO-01 SP2023","10042860"
"ARHI191  PO-04 SP2023","10013095"
"ART 010  PO-01 SP2023","10346046"
"ART 123  PZ-01 SP2023","50456484"
"ART 196  PZ-01 SP2023","50140060"
"ASAM056  PZ-02 SP2023","50456356"
"ASAM085  PZ-01 SP2023","50079486"
"ASAM179L AA-01 SP2023","20280660"
"ASAM191  PO-40 SP2023","10085197"
"ASTR062  HM-01 SP2023","40220254"
"BIOL042LXKS-01 SP2023","20276850"
"BIOL042LXKS-01 SP2023","20276850"
"BIOL044LXKS-05 SP2023","20042124"
"BIOL044LXKS-06 SP2023","20042124"
"BIOL044LXKS-08 SP2023","20042124"
"BIOL046  HM-01 SP2023","40163647"
"BIOL104  PO-01 SP2023","10144059"
"BIOL131L KS-01 SP2023","20042228"
"BIOL157L KS-01 SP2023","20276867"
"BIOL170  PO-01 SP2023","10043238"
"BIOL173  PO-01 SP2023","10134553"
"BIOL191F PO-12 SP2023","10014392"
"BIOL191F PO-40 SP2023","10306332"
"BIOL193  HM-04 SP2023","40163647"
"BIOL194B PO-42 SP2023","10271004"
"CHEM001BLPO-02 SP2023","10087224"
"CHEM015L KS-08 SP2023","20042124"
"CHEM052  HM-01 SP2023","40220255"
"CHEM117LXKS-07 SP2023","20264462"
"CHEM152  HM-09 SP2023","40220255"
"CHEM152  HM-14 SP2023","40215075"
"CHEM191  PO-16 SP2023","10248799"
"CHEM193P HM-01 SP2023","40220592"
"CHIN001B PO-01 SP2023","10370118"
"CHIN051B PO-02 SP2023","10370668"
"CHIN051H PO-01 SP2023","10364482"
"CHIN111B PO-01 SP2023","10346813"
"CHIN192A PO-04 SP2023","10346813"
"CHLT081  CH-01 SP2023","50461113"
"CHLT115  CH-01 SP2023","50461094"
"CHLT153  CH-01 SP2023","50010670"
"CHLT171  PZ-01 SP2023","50421109"
"CHST067  CH-01 SP2023","20261999"
"CHST191  CH-28 SP2023","10139619"
"CLAS106  PO-01 SP2023","10254425"
"CORE002  SC-06 SP2023","20042861"
"CORE079  HM-01 SP2023","40155078"
"CORE079  HM-01 SP2023","40169278"
"CORE079R HM-11 SP2023","40005461"
"CSCI051ALPO-02 SP2023","10361322"
"CSCI060  HM-01 SP2023","40164205"
"CSCI062 LPO-02 SP2023","10366466"
"CSCI070  HM-02 SP2023","40005497"
"CSCI105  HM-02 SP2023","40005481"
"CSCI105 LPO-01 SP2023","10357926"
"CSCI131  HM-01 SP2023","40199068"
"CSCI131  HM-02 SP2023","40156281"
"CSCI131  HM-02 SP2023","40156281"
"CSCI153  HM-01 SP2023","40209985"
"CSCI181AKHM-01 SP2023","40152633"
"CSCI184  HM-01 SP2023","40193795"
"CSCI188  PO-01 SP2023","10364363"
"CSCI189  HM-01 SP2023","40005491"
"CSCI190  PO-01 SP2023","10364363"
"CSCI195  HM-01 SP2023","40005497"
"CSMT184  HM-01 SP2023","40193795"
"DANC010  PO-02 SP2023","10043312"
"DANC050 PPO-01 SP2023","10337478"
"DANC068  SC-01 SP2023","20042148"
"DANC078B SC-01 SP2023","20042149"
"DANC120 PPO-01 SP2023","10087641"
"DANC123  PO-01 SP2023","10042972"
"DANC139  PO-01 SP2023","10043316"
"EA  133  PZ-01 SP2023","50152079"
"EA  191  KS-01 SP2023","20042221"
"ECON052  PZ-02 SP2023","50010680"
"ECON086  CM-02 SP2023","30323937"
"ECON086  CM-05 SP2023","30026673"
"ECON100  CM-01 SP2023","30004460"
"ECON101  SC-01 SP2023","20205654"
"ECON105  PZ-01 SP2023","50439973"
"ECON107  PO-01 SP2023","10213581"
"ECON120  CM-04 SP2023","30204844"
"ECON126  CM-02 SP2023","30212591"
"ECON128  PO-01 SP2023","10042412"
"ECON155  PO-01 SP2023","10022550"
"ECON166  PO-01 SP2023","10278951"
"ECON172  CM-01 SP2023","30366831"
"ECON196  CM-01 SP2023","30353378"
"ECON197SBCM-01 SP2023","30379096"
"ENGL031  PZ-01 SP2023","50221622"
"ENGL191  PO-08 SP2023","10358080"
"ENGL191  PO-24 SP2023","10087856"
"ENGR080  HM-02 SP2023","40169710"
"ENGR080  HM-02 SP2023","40205195"
"ENGR080  HM-03 SP2023","40043116"
"ENGR113  HM-01 SP2023","40043284"
"ENGR131  HM-01 SP2023","40220653"
"ENTR049A HM-01 SP2023","40160594"
"FHS 010  CM-10 SP2023","30153492"
"FIN 330  CM-01 SP2023","30087486"
"FREN002L CM-01 SP2023","30385346"
"FREN033  CM-01 SP2023","30384856"
"FREN033  SC-01 SP2023","20264690"
"FREN033L CM-02 SP2023","30182015"
"FREN044  PO-01 SP2023","10037773"
"FREN044  SC-01 SP2023","20042184"
"FREN044  SC-02 SP2023","20187765"
"FREN187A SC-01 SP2023","20280623"
"FREN191  PO-12 SP2023","10037773"
"FREN192  PO-12 SP2023","10037773"
"FWS 010  CM-10 SP2023","30274755"
"FWS 010  CM-12 SP2023","30367231"
"GEOL185  PO-01 SP2023","10029721"
"GEOL189G PO-01 SP2023","10013666"
"GERM191  PO-08 SP2023","10141237"
"GOVT041B CM-01 SP2023","30322609"
"GOVT150  CM-01 SP2023","30346092"
"GOVT154  CM-01 SP2023","30075286"
"GOVT165  CM-01 SP2023","30075305"
"GOVT999  CM-02 SP2023","30023860"
"HIST102  PO-01 SP2023","10361324"
"HIST133  AF-01 SP2023","10023055"
"HIST138  PZ-01 SP2023","50010734"
"HIST179  PO-01 SP2023","10361342"
"HIST192  PO-04 SP2023","10158431"
"HMSC134  SC-01 SP2023","20252486"
"HSA 010  HM-01 SP2023","40005441"
"HSA 010  HM-07 SP2023","40160090"
"IR  118  PO-01 SP2023","10022550"
"ITAL002  SC-01 SP2023","20187989"
"JAPN001B PO-02 SP2023","10043346"
"KORE002  CM-01 SP2023","30087465"
"KORE002  CM-02 SP2023","30087465"
"KORE044  CM-01 SP2023","30378925"
"LAST191  PO-04 SP2023","10023055"
"LGCS114  PO-01 SP2023","10351654"
"LIT 163  AF-02 SP2023","30182015"
"MATH052  PZ-01 SP2023","50461070"
"MATH131  HM-01 SP2023","40043656"
"MATH131  HM-02 SP2023","40005442"
"MATH138  PO-01 SP2023","10364360"
"MATH158  PO-01 SP2023","10148564"
"MATH181  PO-01 SP2023","10029204"
"MATH197  HM-07 SP2023","40209189"
"MATH197  HM-10 SP2023","40164164"
"MATH197  HM-11 SP2023","40005499"
"MOBI191A PO-64 SP2023","10306332"
"MOBI194B PO-34 SP2023","10271196"
"MS  099  PZ-01 SP2023","50362674"
"MS  132  SC-01 SP2023","20256624"
"MUS 031  PO-01 SP2023","10008674"
"MUS 035  PO-01 SP2023","10002382"
"MUS 041  PO-01 SP2023","10043286"
"MUS 082  PO-01 SP2023","10042136"
"MUS 096B PO-01 SP2023","10011057"
"MUS 110B SC-01 SP2023","20042136"
"MUS 120  SC-01 SP2023","20042861"
"MUS 170H SC-02 SP2023","20276816"
"NEUR101BLPO-01 SP2023","10041942"
"NEUR118  PO-01 SP2023","10246839"
"NEUR149  KS-01 SP2023","20123322"
"NEUR191  PO-04 SP2023","10134639"
"NEUR192  PO-04 SP2023","10186413"
"NEUR196  KS-01 SP2023","20123322"
"PE  005F JP-01 SP2023","30367221"
"PE  008  PO-01 SP2023","10347989"
"PE  008I JP-01 SP2023","30379039"
"PE  012  JP-01 SP2023","30153516"
"PE  012  JP-01 SP2023","20280554"
"PE  015  JP-01 SP2023","30023264"
"PE  018  PO-02 SP2023","10355952"
"PE  022B PO-01 SP2023","10348299"
"PE  025A JP-01 SP2023","20280553"
"PE  027  JP-01 SP2023","30322526"
"PE  039  JP-01 SP2023","30238216"
"PE  039A JP-01 SP2023","30238216"
"PE  046  JP-01 SP2023","30346529"
"PE  048  JP-01 SP2023","30274304"
"PE  048  PO-01 SP2023","10356474"
"PE  059  JP-01 SP2023","30300505"
"PE  076B JP-01 SP2023","30273999"
"PE  084  PO-01 SP2023","10355952"
"PE  107  JP-01 SP2023","30367221"
"PE  127  JP-01 SP2023","30019945"
"PE  130M PO-01 SP2023","10018386"
"PE  150  JP-01 SP2023","30126424"
"PE  155W PO-01 SP2023","10358219"
"PHIL030  CM-04 SP2023","30198176"
"PHIL045  PO-01 SP2023","10364362"
"PHIL101D CM-01 SP2023","30198176"
"PHIL109IOCM-01 SP2023","30360184"
"PHIL144  SC-01 SP2023","20261147"
"PHYS009  PO-01 SP2023","10157706"
"PHYS024  HM-08 SP2023","40221704"
"PHYS024R HM-02 SP2023","40199069"
"PHYS031LXKS-02 SP2023","20042124"
"PHYS054  HM-03 SP2023","40005340"
"PHYS071  PO-02 SP2023","10181284"
"PHYS191  KS-01 SP2023","20042221"
"PHYS191L PO-24 SP2023","10022994"
"POLI152  PO-01 SP2023","10357665"
"POLI191  PO-28 SP2023","10039096"
"PONT100  CM-01 SP2023","30302030"
"PSYC040  CM-01 SP2023","30182032"
"PSYC092  CM-01 SP2023","30384874"
"PSYC104L SC-01 SP2023","20178312"
"PSYC110  SC-01 SP2023","20167620"
"PSYC180B PO-01 SP2023","10353349"
"PSYC197A CM-01 SP2023","30182032"
"PSYC197A CM-07 SP2023","30214075"
"PSYC197B CM-04 SP2023","30293905"
"PSYC197B CM-07 SP2023","30214075"
"RLST117  PO-01 SP2023","10370219"
"RLST146  PO-01 SP2023","10092210"
"SOC 051  PO-02 SP2023","10364498"
"SOC 119  PO-01 SP2023","10209929"
"SOC 128  JT-01 SP2023","30225451"
"SOC 154  PO-01 SP2023","10364498"
"SOC 170  PZ-01 SP2023","50147925"
"SOC 189T PO-01 SP2023","10366467"
"SOC 191  PO-08 SP2023","10085197"
"SPAN033L CM-02 SP2023","30378972"
"SPAN033L CM-02 SP2023","30034894"
"SPAN033L CM-03 SP2023","30203478"
"SPAN101  PO-02 SP2023","10357931"
"STS 191  PO-04 SP2023","10179615"
"TEST001  PZ-01 SP2023","50092605"
"THEA001A PO-02 SP2023","10363029"
"THEA053HIPO-01 SP2023","10358182"
"THEA061  PO-01 SP2023","10028742"
"AFRI020  PZ-01 SP2023","50430498"
"AFRI119  JT-01 SP2023","50010686"
"AFRI149  AF-01 SP2023","20256394"
"ANTH002  PO-01 SP2023","10358055"
"ANTH011  PZ-01 SP2023","50010720"
"ANTH191  PO-04 SP2023","10351624"
"ARBC002  CM-01 SP2023","30223608"
"ARHI186C SC-01 SP2023","20276811"
"ART 119  PZ-01 SP2023","50149046"
"ART 126A SC-01 SP2023","20276815"
"ART 135  SC-01 SP2023","20256565"
"ART 151  JT-01 SP2023","50149046"
"ART 199  PZ-01 SP2023","50140060"
"ASAM191  PO-14 SP2023","50188977"
"ASAM191  PO-56 SP2023","10109779"
"ASTR002  PO-01 SP2023","10346589"
"BIOL044L KS-01 SP2023","20042221"
"BIOL046R HM-04 SP2023","40005453"
"BIOL119  KS-01 SP2023","20078318"
"BIOL143  KS-01 SP2023","20268918"
"BIOL169 LPO-02 SP2023","10358160"
"BIOL184  HM-01 SP2023","40043655"
"BIOL191F PO-28 SP2023","10043238"
"BIOL193  HM-08 SP2023","40154263"
"BIOL193  HM-09 SP2023","40209333"
"BIOL197  HM-01 SP2023","40043116"
"CASA105  PZ-01 SP2023","50058024"
"CGS 038  PZ-01 SP2023","50010723"
"CGS 075  PZ-01 SP2023","50058024"
"CHEM001BLPO-03 SP2023","10043357"
"CHEM015L KS-01 SP2023","20268921"
"CHEM015L KS-02 SP2023","20042124"
"CHEM015L KS-03 SP2023","20042124"
"CHEM015L KS-04 SP2023","20042124"
"CHEM015L KS-05 SP2023","20042124"
"CHEM029L KS-01 SP2023","20042984"
"CHEM070L KS-01 SP2023","20276824"
"CHEM106  PO-01 SP2023","10087224"
"CHEM110B PO-03 SP2023","10370221"
"CHEM111  HM-02 SP2023","40220256"
"CHEM172  PO-01 SP2023","10026608"
"CHEM194  PO-24 SP2023","10032286"
"CHEM197  KS-01 SP2023","20042124"
"CHEM198  HM-01 SP2023","40043116"
"CHIN051B PO-02 SP2023","10370668"
"CHIN051H PO-01 SP2023","10364482"
"CHIN053  PO-01 SP2023","10370118"
"CHLT056  CH-01 SP2023","50456356"
"CHST132  CH-01 SP2023","10357925"
"CHST183  CH-01 SP2023","20253194"
"CLAS130  SC-01 SP2023","20280638"
"CLAS191  PO-08 SP2023","10183410"
"CORE002  SC-01 SP2023","20280575"
"CORE079  HM-01 SP2023","40155077"
"CORE079  HM-01 SP2023","40005461"
"CORE079R HM-01 SP2023","40155077"
"CORE079R HM-04 SP2023","40169278"
"CORE079R HM-07 SP2023","40001194"
"CSCI005  HM-01 SP2023","40169278"
"CSCI046L CM-01 SP2023","30366834"
"CSCI051A PO-01 SP2023","10361322"
"CSCI051ALPO-01 SP2023","10361322"
"CSCI051ALPO-01 SP2023","10354485"
"CSCI051ALPO-03 SP2023","10361322"
"CSCI051ALPO-04 SP2023","10354485"
"CSCI060  HM-01 SP2023","40164205"
"CSCI062  PO-01 SP2023","10366466"
"CSCI105  HM-01 SP2023","40005481"
"CSCI105  HM-02 SP2023","40005481"
"CSCI105  PO-01 SP2023","10357926"
"CSCI131  HM-01 SP2023","40199068"
"CSCI190  PO-02 SP2023","10364363"
"CSCI190  PO-02 SP2023","10180184"
"CSCI191  PO-08 SP2023","10180184"
"CSMT181A JT-01 SP2023","50085735"
"DANC012 PPO-01 SP2023","10042972"
"DANC122 PPO-01 SP2023","10087641"
"DANC162A SC-01 SP2023","20042149"
"DANC181 PPO-01 SP2023","10043312"
"DANC191  SC-01 SP2023","20042149"
"DANC191  SC-01 SP2023","20252405"
"EA  021  CM-01 SP2023","30212259"
"EA  030L KS-01 SP2023","20280646"
"ECON057B PO-01 SP2023","10033472"
"ECON107  PO-02 SP2023","10196880"
"ECON126  CM-01 SP2023","30212591"
"ECON134  CM-06 SP2023","30210025"
"ECON176  PZ-01 SP2023","50439973"
"ECON180  CM-05 SP2023","30367307"
"ENGL110  PZ-01 SP2023","50117734"
"ENGL174  SC-01 SP2023","20252259"
"ENGL191  PO-12 SP2023","10306813"
"ENGL191  PO-16 SP2023","10138259"
"ENGL193  SC-01 SP2023","20260064"
"ENGL197P SC-01 SP2023","20280945"
"ENGR004  HM-02 SP2023","40193798"
"ENGR004L HM-03 SP2023","40193798"
"ENGR072  HM-02 SP2023P1","40005488"
"ENGR083  HM-01 SP2023","40005433"
"ENGR085A HM-01 SP2023P1","40005482"
"ENGR086  HM-01 SP2023","40164714"
"ENGR114  HM-01 SP2023","40043284"
"ENGR114  HM-01 SP2023","40043116"
"ENGR134  HM-01 SP2023","40005411"
"ENGR154  HM-01 SP2023","40005482"
"ENGR178  HM-01 SP2023","40005411"
"FGSS036  SC-01 SP2023","20280577"
"FREN001  PO-01 SP2023","10361272"
"FREN011  PO-01 SP2023","10196894"
"FREN033L CM-04 SP2023","30385346"
"FREN100  SC-01 SP2023","20264690"
"FWS 010  CM-06 SP2023","30313424"
"FWS 010  CM-07 SP2023","30313424"
"FWS 010  CM-11 SP2023","30274755"
"FWS 010  CM-13 SP2023","30385263"
"GERM010  PO-01 SP2023","10141237"
"GOVT070  CM-01 SP2023","30367765"
"GOVT070  CM-03 SP2023","30367765"
"GOVT080  CM-01 SP2023","30075288"
"GOVT110  CM-02 SP2023","30225451"
"GOVT124  CM-01 SP2023","30153500"
"GWS 191  PO-04 SP2023","10354740"
"HIST041  AF-01 SP2023","10361342"
"HIST125  CM-01 SP2023","30297967"
"HIST128  CM-01 SP2023","30030064"
"HIST128  CM-02 SP2023","30030064"
"HIST132  CM-01 SP2023","30294534"
"HIST134  CM-01 SP2023","30153493"
"HIST142E CM-01 SP2023","30028549"
"HIST154  PZ-01 SP2023","50010720"
"HSA 010  HM-04 SP2023","40005435"
"ITAL197B SC-01 SP2023","20280621"
"JAPN001B PO-01 SP2023","10043346"
"LGCS101  PO-01 SP2023","10366578"
"LGCS123  PO-01 SP2023","10108447"
"LIT 099  CM-01 SP2023","30253705"
"LIT 125  CM-01 SP2023","30022092"
"LIT 130  CM-01 SP2023","30274755"
"LIT 134C CM-01 SP2023","30253705"
"MATH030  CM-02 SP2023","30372698"
"MATH055  HM-01 SP2023","40005472"
"MATH060  CM-02 SP2023","30075314"
"MATH060  PO-02 SP2023","10032463"
"MATH102  SC-01 SP2023","20249453"
"MATH135  CM-01 SP2023","30015610"
"MATH197  HM-04 SP2023","40043543"
"MATH197  HM-05 SP2023","40220261"
"MATH197  HM-09 SP2023","40137357"
"MOBI194B PO-08 SP2023","10134553"
"MOBI194B PO-36 SP2023","10043238"
"MOBI194B PO-40 SP2023","10085346"
"MS  049  SC-01 SP2023","10364689"
"MS  196  PZ-01 SP2023","50199958"
"MSL 103B CM-01 SP2023","30372708"
"MUS 032  PO-01 SP2023","10008674"
"MUS 171H SC-01 SP2023","20042136"
"NEUR095L JT-01 SP2023","20042128"
"NEUR095L JT-01 SP2023","20123322"
"NEUR095L JT-01 SP2023","20276822"
"NEUR095L JT-01 SP2023","50010693"
"NEUR101B PO-01 SP2023","10038267"
"NEUR148L KS-01 SP2023","20268920"
"NEUR194B PO-24 SP2023","10038267"
"PE  003  PO-01 SP2023","10291214"
"PE  014C JP-01 SP2023","30346589"
"PE  014E JP-01 SP2023","30322654"
"PE  019B JP-01 SP2023","30354351"
"PE  024  JP-01 SP2023","30346091"
"PE  025  PO-02 SP2023","10366633"
"PE  029  PO-01 SP2023","10348299"
"PE  035B PO-01 SP2023","10211579"
"PE  057B JP-01 SP2023","30232390"
"PE  060C JP-01 SP2023","30322565"
"PE  061  PO-03 SP2023","10313960"
"PE  070D JP-01 SP2023","30346494"
"PE  073  JP-01 SP2023","30243977"
"PE  080  JP-01 SP2023","30384844"
"PE  081B JP-01 SP2023","30379039"
"PE  170W PO-01 SP2023","10355076"
"PE  211  JP-01 SP2023","30031488"
"PHIL001  PO-01 SP2023","10085343"
"PHIL034  CM-02 SP2023","30378975"
"PHIL047  PO-01 SP2023","10023651"
"PHIL090  SC-01 SP2023","20042128"
"PHIL100E CM-01 SP2023","30212027"
"PHIL135  CM-01 SP2023","30025279"
"PHIL198  CM-01 SP2023","30367764"
"PHYS024R HM-02 SP2023","40155256"
"PHYS024R HM-02 SP2023","40155256"
"PHYS031LXKS-06 SP2023","20042124"
"PHYS034L KS-02 SP2023","20042219"
"PHYS042 LPO-04 SP2023","10361265"
"PHYS052  HM-02 SP2023","40188763"
"PHYS052  HM-03 SP2023","40188763"
"PHYS054  HM-01 SP2023","40005340"
"PHYS134  HM-01 SP2023","40088332"
"PHYS191E PO-04 SP2023","10157706"
"PHYS191E PO-24 SP2023","10181284"
"PHYS199  HM-03 SP2023","40155256"
"PHYS199  HM-04 SP2023","40199069"
"POLI001B PO-01 SP2023","10370069"
"POLI115  SC-01 SP2023","20244938"
"POLI130  SC-01 SP2023","20042155"
"POLI187Q SC-01 SP2023","20280577"
"POLI195  PO-04 SP2023","10229857"
"POST141  PZ-01 SP2023","50172710"
"POST188  PZ-01 SP2023","50205641"
"PPA 191  PO-04 SP2023","10024018"
"PSYC051  PO-02 SP2023","10180318"
"PSYC104  SC-01 SP2023","20178312"
"PSYC111L CM-02 SP2023","30274074"
"PSYC140  CM-01 SP2023","30029220"
"PSYC148  PZ-01 SP2023","50079670"
"PSYC157  PO-01 SP2023","10256410"
"PSYC191  PO-24 SP2023","10353349"
"RLST010  CM-02 SP2023","30212590"
"RLST084  CM-01 SP2023","30153492"
"RLST142  AF-01 SP2023","10120888"
"RUSS011  PO-01 SP2023","10196894"
"SOC 083  PZ-01 SP2023","50461083"
"SOC 147  PO-01 SP2023","10085197"
"SOC 191  PO-06 SP2023","10366467"
"SOC 199A PZ-01 SP2023","50134270"
"SPAN002  CM-02 SP2023","30087373"
"SPAN033  PO-02 SP2023","10008115"
"SPAN033  PZ-01 SP2023","50456337"
"SPAN033  PZ-03 SP2023","50413093"
"SPAN033  SC-04 SP2023","20264677"
"SPAN033L CM-02 SP2023","30203478"
"SPAN044  CM-02 SP2023","30034894"
"SPAN044  CM-03 SP2023","30034894"
"SPAN140  SC-01 SP2023","20187766"
"SPAN189  PZ-01 SP2023","50164815"
"STS 010  HM-01 SP2023","40005494"
"TEST002  PZ-01 SP2023","50092605"
"THEA085  PO-01 SP2023","10370495"
"THEA130  PO-01 SP2023","10370356"
"WRIT001E HM-01 SP2023","40005493"
"AFRI191  AF-01 SP2023","20042124"
"AFRI191C AF-01 SP2023","30360184"
"AMST103  JT-01 SP2023","40193797"
"ANTH105  PO-01 SP2023","10351624"
"ANTH154  PZ-01 SP2023","50010720"
"ANTH192  PO-04 SP2023","10351624"
"ARHI186G PO-01 SP2023","10013095"
"ARHI191  PO-20 SP2023","10370336"
"ART 020  PO-01 SP2023","10215763"
"ASAM085  PZ-01 SP2023","50004504"
"ASAM179K AA-01 SP2023","20280660"
"ASAM191  PO-12 SP2023","10013117"
"ASTR051 LPO-01 SP2023","10157706"
"ASTR066L KS-01 SP2023","20042241"
"ASTR066L KS-01 SP2023","20042241"
"BIOL007 LPO-04 SP2023","10282330"
"BIOL023  HM-04 SP2023","40220658"
"BIOL041E PO-01 SP2023","10087641"
"BIOL042L KS-01 SP2023","20004250"
"BIOL044L KS-04 SP2023","20276846"
"BIOL044L KS-05 SP2023","20264520"
"BIOL044LXKS-02 SP2023","20042124"
"BIOL044LXKS-04 SP2023","20042124"
"BIOL044LXKS-10 SP2023","20042124"
"BIOL054  HM-02 SP2023","40005424"
"BIOL104  PO-01 SP2023","10144059"
"BIOL131L KS-01 SP2023","20042228"
"BIOL138L KS-01 SP2023","20078318"
"BIOL150ALKS-01 SP2023","20219104"
"BIOL161  HM-01 SP2023","40043116"
"BIOL169 LPO-01 SP2023","10358160"
"BIOL173  PO-01 SP2023","10134553"
"BIOL177  KS-01 SP2023","20219101"
"BIOL187P KS-01 SP2023","20280665"
"BIOL190L KS-01 SP2023","20042221"
"BIOL191  HM-01 SP2023","40154263"
"BIOL191F PO-04 SP2023","10005870"
"BIOL194B PO-36 SP2023","10043238"
"BIOL195  HM-01 SP2023","40043116"
"CASA101  PZ-01 SP2023","50122528"
"CGS 190  PZ-01 SP2023","50010729"
"CHEM001BLPO-05 SP2023","10370220"
"CHEM015L KS-04 SP2023","20276824"
"CHEM015L KS-05 SP2023","20098529"
"CHEM015L KS-10 SP2023","20042124"
"CHEM024  HM-02 SP2023","40220592"
"CHEM110BLPO-01 SP2023","10044271"
"CHEM117L KS-04 SP2023","20276772"
"CHEM117LXKS-01 SP2023","20264462"
"CHEM117LXKS-05 SP2023","20264462"
"CHEM147 LPO-01 SP2023","10345516"
"CHEM150  HM-01 SP2023","40043116"
"CHEM152  HM-04 SP2023","40220256"
"CHEM152  HM-05 SP2023","40043655"
"CHEM152  HM-10 SP2023","40220255"
"CHNT166  PO-01 SP2023","10042175"
"CLAS175  PZ-01 SP2023","50172753"
"CLAS192  PO-08 SP2023","10183410"
"CORE002  SC-04 SP2023","20173562"
"CORE002  SC-11 SP2023","20182149"
"CORE079R HM-02 SP2023","40155078"
"CSCI051A PO-02 SP2023","10361322"
"CSCI060  HM-01 SP2023","40205186"
"CSCI070  HM-03 SP2023","40209985"
"CSCI111  HM-01 SP2023","40156281"
"CSCI140  HM-02 SP2023","40005489"
"CSCI192  PO-08 SP2023","10180184"
"CSMT181A JT-01 SP2023","40205474"
"CSMT184  HM-01 SP2023","40193795"
"CSMT184  HM-01 SP2023","40150702"
"DANC112A SC-01 SP2023","20277765"
"DANC124 PPO-01 SP2023","10042972"
"DANC136B SC-01 SP2023","20042152"
"DANC160  SC-01 SP2023","20252405"
"EA  086  PZ-01 SP2023","50456490"
"EA  134  PZ-01 SP2023","50152079"
"EA  141  PZ-01 SP2023","50456490"
"EA  188L KS-01 SP2023","20042221"
"ECON052  PZ-03 SP2023","50010680"
"ECON086  CM-03 SP2023","30087468"
"ECON089A PO-01 SP2023","10370532"
"ECON101  CM-06 SP2023","30276876"
"ECON107  PO-01 SP2023","10213581"
"ECON144  SC-01 SP2023","20256430"
"ECON154  PO-01 SP2023","10000768"
"ECON170  SC-01 SP2023","20268811"
"ECON180  PZ-01 SP2023","50440655"
"ECON190  PO-02 SP2023","10004174"
"ENGL049  PO-01 SP2023","10087856"
"ENGL170R PO-01 SP2023","10087856"
"ENGL191  PO-20 SP2023","10237366"
"ENGL191  PO-32 SP2023","10358364"
"ENGL191  PO-34 SP2023","10366644"
"ENGR015  HM-01 SP2023","40005482"
"ENGR080  HM-01 SP2023","40205189"
"ENGR151  HM-01 SP2023","40169710"
"FHS 010  CM-05 SP2023","30323941"
"FREN002  SC-01 SP2023","20268842"
"FREN044L CM-01 SP2023","30182015"
"FREN192  PO-04 SP2023","10000046"
"FWS 010  CM-01 SP2023","30346560"
"FWS 010  CM-03 SP2023","30022092"
"FWS 010  CM-08 SP2023","30027530"
"GEOL020A PO-01 SP2023","10029721"
"GEOL129  PO-01 SP2023","10013666"
"GERM002  SC-01 SP2023","20042169"
"GERM191  PO-04 SP2023","10030143"
"GOVT110  CM-01 SP2023","30225451"
"GOVT128  JT-01 SP2023","30298971"
"GOVT142  CM-01 SP2023","30337788"
"GOVT999  CM-01 SP2023","30384836"
"HIST025  CH-01 SP2023","10139619"
"HIST048  SC-01 SP2023","20042165"
"HIST068  PZ-01 SP2023","50161157"
"HIST123  PO-01 SP2023","10370215"
"HIST180  SC-01 SP2023","20280686"
"HIST190  CM-01 SP2023","30251403"
"HIST193  PO-04 SP2023","10158431"
"ID  048  HM-01 SP2023","40001194"
"ID  199P2PO-01 SP2023","10240152"
"JAPN011  PO-01 SP2023","10196894"
"JAPN012B PO-01 SP2023","10144775"
"LGCS128  PO-01 SP2023","10364497"
"LIT 036  CM-01 SP2023","30313424"
"LIT 118  CM-01 SP2023","30032005"
"LIT 179AGHM-01 SP2023","40112929"
"MATH101  PO-01 SP2023","10157575"
"MATH171  PO-01 SP2023","10370477"
"MATH191  CM-01 SP2023","30226804"
"MOBI194B PO-20 SP2023","10331443"
"MOBI194B PO-64 SP2023","10026608"
"MS  050  PZ-01 SP2023","50010701"
"MS  190  JT-02 SP2023","20199304"
"MSL 101B CM-01 SP2023","30379737"
"MUS 051  PO-01 SP2023","10363026"
"MUS 060  PO-01 SP2023","10282816"
"MUS 140  PO-01 SP2023","10020514"
"MUS 170H SC-01 SP2023","20187767"
"MUS 173  JM-01 SP2023","20277759"
"MUS 175  JM-01 SP2023","20196117"
"MUS 177H SC-01 SP2023","20042137"
"NEUR095L JT-01 SP2023","20056439"
"NEUR095L JT-01 SP2023","20280624"
"NEUR168 LPO-02 SP2023","10323940"
"NEUR191  KS-01 SP2023","20042221"
"ORST145  PZ-01 SP2023","50010698"
"ORST198J PZ-01 SP2023","50446535"
"PE  005D JP-01 SP2023","30347064"
"PE  018  PO-01 SP2023","10142045"
"PE  019  PO-01 SP2023","10355076"
"PE  021  JP-01 SP2023","20101407"
"PE  037B PO-01 SP2023","10211579"
"PE  041  JP-01 SP2023","30219097"
"PE  043  JP-01 SP2023","40043435"
"PE  045  JP-01 SP2023","30136863"
"PE  068  PO-01 SP2023","10263183"
"PE  070C JP-01 SP2023","30346589"
"PE  070E JP-01 SP2023","30346589"
"PE  074  JP-01 SP2023","30024378"
"PE  075L JP-01 SP2023","30273999"
"PE  084  JP-01 SP2023","30027303"
"PE  155  JP-01 SP2023","30300505"
"PE  160W PO-01 SP2023","10263183"
"PE  175W PO-01 SP2023","10029852"
"PHIL034  CM-01 SP2023","30378975"
"PHIL074  PZ-01 SP2023","50456339"
"PHIL081  PO-01 SP2023","10340519"
"PHIL177  CM-01 SP2023","30153489"
"PHIL191  PZ-01 SP2023","50010693"
"PHYS024  HM-03 SP2023","40199069"
"PHYS024  HM-07 SP2023","40005340"
"PHYS024R HM-01 SP2023","40155256"
"PHYS031LXKS-03 SP2023","20042124"
"PHYS031LXKS-04 SP2023","20280591"
"PHYS042 LPO-02 SP2023","10361305"
"PHYS050  HM-03 SP2023","40220254"
"PHYS064  HM-01 SP2023","40005461"
"PHYS106L KS-01 SP2023","20268914"
"PHYS174 LPO-01 SP2023","10022994"
"PHYS178  KS-01 SP2023","20268895"
"PHYS190L KS-01 SP2023","20042221"
"PHYS191E PO-28 SP2023","10040539"
"PHYS191E PO-32 SP2023","10022994"
"PHYS196  KS-01 SP2023","20042124"
"PHYS199  HM-02 SP2023","40005340"
"PHYS199  HM-08 SP2023","40220254"
"PHYS199  HM-09 SP2023","40193798"
"POLI005  PO-01 SP2023","10357665"
"POLI168  PO-01 SP2023","10346438"
"POLI187K JT-01 SP2023","10291214"
"POLI189W PO-01 SP2023","10370357"
"POLI191  PO-16 SP2023","10229857"
"PPE 195  PO-04 SP2023","10158952"
"PSYC030  CM-02 SP2023","30378919"
"PSYC105  PZ-01 SP2023","50010662"
"PSYC109  CM-01 SP2023","30025932"
"PSYC109  CM-02 SP2023","30025932"
"PSYC152  PO-01 SP2023","10235574"
"PSYC152  PZ-01 SP2023","50010708"
"PSYC168L SC-01 SP2023","20197554"
"PSYC191  PO-20 SP2023","10041942"
"PSYC197A CM-08 SP2023","30323938"
"RLST180  SC-01 SP2023","20264572"
"RLST191  PO-02 SP2023","10092210"
"RUSS002  PO-01 SP2023","10370506"
"RUSS002  PO-01 SP2023","10370506"
"RUST189A PO-01 SP2023","10370506"
"SOC 128  JT-01 SP2023","30298971"
"SOC 191  PO-16 SP2023","10029372"
"SPAN002  PO-01 SP2023","10370490"
"SPAN035  PZ-01 SP2023","50201601"
"SPAN044  SC-02 SP2023","20187766"
"SPAN044L CM-03 SP2023","30034894"
"SPAN050  PZ-01 SP2023","50164815"
"SPAN127  PO-01 SP2023","10233194"
"THEA100K PO-01 SP2023","10364634"
"THES192D SC-01 SP2023","20042124"
"WRIT109  SC-01 SP2023","20042901"
"WRIT191  SC-01 SP2023","20042124"
"WRIT197P SC-01 SP2023","20280945"
"ANTH107  PO-01 SP2023","10358055"
"ANTH191  SC-01 SP2023","20042124"
"ARBC002  CM-01 SP2023","30223608"
"ARHI191  PO-12 SP2023","10175143"
"ARHI191  PO-16 SP2023","10363196"
"ART 016  PZ-01 SP2023","50461117"
"ART 021  PO-01 SP2023","10139805"
"ART 030  PZ-01 SP2023","50339931"
"ART 112  PZ-01 SP2023","50119081"
"ART 149  SC-01 SP2023","20042202"
"ART 192  PO-04 SP2023","10215763"
"ASAM137  PZ-01 SP2023","50188977"
"ASAM156  PZ-01 SP2023","50456356"
"ASAM191  PO-52 SP2023","10247643"
"ASIA081  PO-01 SP2023","10370232"
"ASTR066L KS-04 SP2023","20042241"
"BIOL007 LPO-02 SP2023","10282330"
"BIOL023  HM-03 SP2023","40154263"
"BIOL041E PO-01 SP2023","10370297"
"BIOL044L KS-02 SP2023","20219104"
"BIOL150ALKS-01 SP2023","20281048"
"BIOL170L KS-01 SP2023","20253160"
"BIOL175  KS-01 SP2023","20195451"
"BIOL176  KS-01 SP2023","20042221"
"BIOL191F PO-24 SP2023","10358160"
"BIOL191F PO-32 SP2023","10282330"
"BIOL193  HM-07 SP2023","40005424"
"BIOL194B PO-16 SP2023","10014392"
"BIOL196  KS-01 SP2023","20042124"
"BIOL197  KS-01 SP2023","20042124"
"CGS 120  PZ-01 SP2023","50010729"
"CGS 122  PZ-01 SP2023","50058024"
"CGS 146  PZ-01 SP2023","50058024"
"CHEM042  HM-01 SP2023","40215075"
"CHEM042L KS-01 SP2023","20042214"
"CHEM042R HM-01 SP2023","40215058"
"CHEM070L KS-02 SP2023","20276901"
"CHEM081L KS-01 SP2023","20123323"
"CHEM117LXKS-09 SP2023","20264462"
"CHEM191  KS-01 SP2023","20042221"
"CHEM194  PO-08 SP2023","10042772"
"CHEM194  PO-20 SP2023","10175474"
"CHEM196  KS-01 SP2023","20042124"
"CHIN001B PO-02 SP2023","10042175"
"CHLT156  PZ-01 SP2023","50456356"
"CHST120  CH-01 SP2023","20232550"
"COGS011  PZ-01 SP2023","50213736"
"CORE002  SC-15 SP2023","20042987"
"CORE079R HM-06 SP2023","40043116"
"CORE079R HM-10 SP2023","40043124"
"CORE079R HM-13 SP2023","40001194"
"CSCI051A PO-02 SP2023","10354485"
"CSCI060  HM-01 SP2023","40205186"
"CSCI105  HM-01 SP2023","40005481"
"CSCI105  HM-01 SP2023","40005481"
"CSCI191  PO-12 SP2023","10357926"
"CSCI192  PO-20 SP2023","10364363"
"DANC150C PO-01 SP2023","10043481"
"DANC180 PPO-01 SP2023","10043312"
"DANC193  SC-01 SP2023","20252405"
"DS  180  CM-01 SP2023","30360498"
"EA  020  PO-01 SP2023","10356603"
"EA  030  PO-01 SP2023","10339810"
"EA  030  PO-01 SP2023","10339810"
"EA  138  PZ-01 SP2023","50456351"
"EA  190L KS-01 SP2023","20042221"
"EA  191  SC-01 SP2023","20042124"
"ECON052  PO-04 SP2023","10196880"
"ECON052  SC-01 SP2023","20268811"
"ECON086  CM-01 SP2023","30323937"
"ECON086  CM-06 SP2023","30026673"
"ECON101  CM-07 SP2023","30276876"
"ECON101  PO-01 SP2023","10119823"
"ECON102  CM-05 SP2023","30366830"
"ECON102  PO-02 SP2023","10354731"
"ECON125  CM-04 SP2023","30075307"
"ECON134B CM-01 SP2023","30087486"
"ECON136  SC-01 SP2023","20264569"
"ECON152  PO-01 SP2023","10370900"
"ECON160  CM-02 SP2023","30214678"
"ECON197SACM-01 SP2023","30212376"
"EDUC302G CG-01 SP2023","75024655"
"ENGL023  PO-01 SP2023","10306813"
"ENGL064D PO-01 SP2023","10237366"
"ENGL154  PO-01 SP2023","10138259"
"ENGL165  PO-01 SP2023","10179974"
"ENGL195  PO-04 SP2023","10366644"
"ENGR004  HM-02 SP2023","40220653"
"ENGR004L HM-01 SP2023","40043284"
"ENGR004L HM-02 SP2023","40193798"
"ENGR080  HM-01 SP2023","40043116"
"ENGR080  HM-03 SP2023","40220257"
"ENGR091  HM-01 SP2023","40043116"
"FGSS192  SC-01 SP2023","20222651"
"FHS 010  CM-06 SP2023","30323941"
"FREN002L CM-03 SP2023","30182015"
"FREN033L CM-05 SP2023","30385346"
"FWS 010  CM-14 SP2023","30385263"
"GEOL020C PO-01 SP2023","10087641"
"GEOL125  PO-01 SP2023","10087641"
"GEOL129  PO-01 SP2023","10013666"
"GEOL192  PO-04 SP2023","10357912"
"GERM044  SC-01 SP2023","20042169"
"GERM193  PO-08 SP2023","10141237"
"GOVT041  CM-01 SP2023","30322609"
"GOVT060  CM-01 SP2023","30337792"
"GOVT107  CM-01 SP2023","30378938"
"GOVT128  JT-01 SP2023","30225451"
"HIST021  PO-01 SP2023","10361324"
"HIST042  PZ-01 SP2023","50461079"
"HIST071  PO-01 SP2023","10278945"
"HIST101T CH-01 SP2023","10139619"
"HIST148  PO-01 SP2023","10370335"
"HIST157  CM-01 SP2023","30312668"
"HIST160  CM-01 SP2023","30212259"
"HIST166  CM-01 SP2023","30346469"
"HIST169  PZ-01 SP2023","50058026"
"HIST183  CM-01 SP2023","30212651"
"HIST187  PZ-02 SP2023","50205641"
"HIST191  PO-04 SP2023","10158431"
"HIST192  SC-01 SP2023","20042124"
"HSA 010  HM-05 SP2023","40005435"
"HSA 010  HM-08 SP2023","40209188"
"ID  048  HM-01 SP2023","40112929"
"ID  199S3PO-01 SP2023","10240152"
"IR  191  PO-04 SP2023","10295529"
"ITAL001  SC-01 SP2023","20280621"
"JAPN001B PO-02 SP2023","10043346"
"JAPN001B PO-03 SP2023","10043346"
"LAMS191  PO-04 SP2023","10254425"
"LEAD010  CM-02 SP2023","30384870"
"LGCS105  PO-01 SP2023","10233155"
"LIT 141  HM-01 SP2023","40112929"
"LIT 183  CM-01 SP2023","30367231"
"MATH032  SC-01 SP2023","20042189"
"MATH055  SC-01 SP2023","20042159"
"MATH060  CM-01 SP2023","30226804"
"MATH073  HM-07 SP2023","40220654"
"MATH104  HM-01 SP2023","40164164"
"MATH135  SC-01 SP2023","20101407"
"MATH160  CM-01 SP2023","30238435"
"MATH179  HM-01 SP2023","40005470"
"MATH197  HM-03 SP2023","40214863"
"MATH198  PZ-01 SP2023","50378758"
"MOBI191B PO-16 SP2023","10331443"
"MOBI191B PO-28 SP2023","10358160"
"MOBI191B PO-40 SP2023","10085346"
"MS  041  SC-01 SP2023","20276810"
"MS  051  PZ-01 SP2023","50445950"
"MS  060  PZ-01 SP2023","50461040"
"MS  093  PZ-01 SP2023","50010701"
"MS  174  PO-01 SP2023","10357924"
"MUS 042B PO-01 SP2023","10197895"
"MUS 085  SC-01 SP2023","20042141"
"MUS 170F SC-02 SP2023","20276816"
"NEUR148L KS-01 SP2023","20268920"
"ORST135  PZ-01 SP2023","50010698"
"PE  004  JP-01 SP2023","30347076"
"PE  006  PO-01 SP2023","10291214"
"PE  025A JP-01 SP2023","10043710"
"PE  041  JP-02 SP2023","30337804"
"PE  043  JP-01 SP2023","20280554"
"PE  062B JP-01 SP2023","30232390"
"PE  075A PO-01 SP2023","10142045"
"PE  130  JP-01 SP2023","30136863"
"PE  130W PO-01 SP2023","10291214"
"PE  152  JP-01 SP2023","30322565"
"PE  155M PO-01 SP2023","10358219"
"PE  175M PO-01 SP2023","10355952"
"PE  240  JP-01 SP2023","30031488"
"PE  242  JP-01 SP2023","30031488"
"PHIL038  PO-01 SP2023","10358198"
"PHIL042  PO-01 SP2023","10085343"
"PHIL104  PO-01 SP2023","10179615"
"PHIL121  HM-01 SP2023","40005435"
"PHYS024  HM-02 SP2023","40221704"
"PHYS024  HM-05 SP2023","40188763"
"PHYS024R HM-02 SP2023","40188763"
"PHYS024R HM-02 SP2023","40155256"
"PHYS031L KS-03 SP2023","20268916"
"PHYS042 LPO-03 SP2023","10364725"
"PHYS052  HM-01 SP2023","40002362"
"PHYS071  PO-01 SP2023","10181284"
"PHYS072  PO-01 SP2023","10348196"
"PHYS072  PO-02 SP2023","10348196"
"PHYS125  PO-01 SP2023","10181284"
"PHYS162  HM-01 SP2023P1","40002362"
"PHYS191L PO-04 SP2023","10157706"
"PHYS193  PO-04 SP2023","10022994"
"PHYS195  HM-01 SP2023","40005461"
"POLI003  PO-01 SP2023","10024018"
"POLI060  PO-01 SP2023","10039096"
"POLI150  SC-01 SP2023","20252260"
"POLI187K JT-01 SP2023","20042170"
"POLI190B PO-01 SP2023","10039096"
"POLI191  PO-20 SP2023","10346438"
"PORT035  PZ-01 SP2023","50461106"
"PSYC030  CM-05 SP2023","30293905"
"PSYC030  CM-06 SP2023","30293905"
"PSYC037  CM-02 SP2023","30032944"
"PSYC037  CM-04 SP2023","30029220"
"PSYC052  SC-01 SP2023","20277623"
"PSYC091P PZ-01 SP2023","50434947"
"PSYC092  PZ-01 SP2023","50018303"
"PSYC184  PZ-01 SP2023","50435539"
"PSYC197B CM-03 SP2023","30384855"
"RLST191  PO-04 SP2023","10370219"
"RLST191  PO-08 SP2023","10043648"
"RUSS044  PO-01 SP2023","10087503"
"RUSS183  PO-01 SP2023","10030986"
"SOC 051  PO-03 SP2023","10366467"
"SOC 128  JT-01 SP2023","50452231"
"SPAN033L CM-01 SP2023","30378972"
"SPAN044  PO-01 SP2023","10370490"
"SPAN044L CM-04 SP2023","30034894"
"SPAN101  PO-01 SP2023","10042508"
"SPAN127  CH-01 SP2023","20042153"
"SPCH061A CM-01 SP2023","30027046"
"STS 179N HM-01 SP2023","40220260"
"TEST001  PZ-01 SP2023","50092605"
"THEA011  PO-01 SP2023","10363029"
"WRIT101  PZ-01 SP2023","50058024"
"AFRI125  AF-01 SP2023","30360184"
"AMST118  PO-01 SP2023","10365571"
"ANTH002  SC-01 SP2023","20280654"
"ANTH012  PZ-01 SP2023","50010707"
"ANTH050  PZ-01 SP2023","50010671"
"ANTH115  PO-01 SP2023","10364730"
"ARBC012  CM-01 SP2023","30360629"
"ARHI132  PO-01 SP2023","10363196"
"ARHI134  PO-01 SP2023","10175143"
"ARHI136  JT-01 SP2023","10127515"
"ARHI186N SC-01 SP2023","20222656"
"ARHI187  PO-01 SP2023","10370336"
"ART 126B PO-01 SP2023","10043740"
"ART 148  SC-01 SP2023","20042202"
"ART 179M HM-01 SP2023","40216013"
"ART 179P HM-01 SP2023","40216013"
"ART 181G SC-01 SP2023","20042194"
"ASAM090  PZ-01 SP2023","50440779"
"ASAM191  PO-16 SP2023","10359912"
"ASAM191  PO-32 SP2023","10089257"
"ASIA191  PO-04 SP2023","10043648"
"ASTR123  PO-01 SP2023","10346589"
"BIOL041C PO-01 SP2023","10087641"
"BIOL042L KS-02 SP2023","20004250"
"BIOL054  HM-01 SP2023","40084960"
"BIOL054  HM-02 SP2023","40084960"
"BIOL111  KS-01 SP2023","20273219"
"BIOL141L KS-01 SP2023","20042124"
"BIOL185F HM-01 SP2023","40220658"
"BIOL187T KS-01 SP2023","20280646"
"BIOL191F PO-44 SP2023","10144059"
"BIOL193  HM-03 SP2023","40209190"
"CHEM015L KS-01 SP2023","20042124"
"CHEM042R HM-04 SP2023","40215058"
"CHEM110BLPO-02 SP2023","10370220"
"CHEM114  HM-01 SP2023","40215059"
"CHEM117L KS-03 SP2023","20253190"
"CHEM152  HM-01 SP2023","40215058"
"CHEM152  HM-07 SP2023","40155078"
"CHEM152  HM-13 SP2023","40215075"
"CHEM175  PO-01 SP2023","10175474"
"CHEM191  PO-04 SP2023","10345516"
"CHEM191  PO-12 SP2023","10043446"
"CHEM191  PO-28 SP2023","10087224"
"CHIN011  PO-01 SP2023","10196894"
"CHIN051B PO-01 SP2023","10364482"
"CHIN051B PO-01 SP2023","10364482"
"CHST189B PO-01 SP2023","10370226"
"CLAS019  SC-01 SP2023","20042986"
"CORE002  SC-03 SP2023","20042148"
"CORE079R HM-05 SP2023","40005461"
"CORE079R HM-07 SP2023","40043116"
"CREA031  PZ-01 SP2023","50010733"
"CSCI005  HM-01 SP2023","40169278"
"CSCI049D HM-01 SP2023","40005491"
"CSCI051ALPO-02 SP2023","10354485"
"CSCI060  HM-01 SP2023","40205186"
"CSCI105  HM-02 SP2023","40005481"
"CSCI131  HM-01 SP2023","40156281"
"CSCI152  PO-01 SP2023","10364363"
"CSCI158  PZ-01 SP2023","50085735"
"CSCI181AKHM-02 SP2023","40152633"
"CSCI188  PO-01 SP2023","10180184"
"CSCI195  HM-02 SP2023","40005497"
"CSMT181A JT-01 SP2023","40193795"
"CSMT184  HM-01 SP2023","40043116"
"DANC050  PO-01 SP2023","10337478"
"DANC138  PO-01 SP2023","10043316"
"DANC150A PO-01 SP2023","10087641"
"DANC151  PO-01 SP2023","10087641"
"DANC192  PO-04 SP2023","10043312"
"DS  002  SC-01 SP2023","20101407"
"EA  031  PZ-01 SP2023","50451544"
"EA  085 LPO-01 SP2023","10339810"
"EA  086  SC-01 SP2023","20276865"
"EA  103  KS-01 SP2023","20219102"
"EA  103L KS-01 SP2023","20219102"
"EA  108  PZ-01 SP2023","50058401"
"EA  153  PZ-01 SP2023","50461073"
"ECON051  PZ-01 SP2023","50339865"
"ECON051  PZ-02 SP2023","50339865"
"ECON052  PO-03 SP2023","10120163"
"ECON052  PZ-01 SP2023","50010680"
"ECON057  PO-02 SP2023","10278951"
"ECON086  CM-04 SP2023","30087468"
"ECON101  CM-01 SP2023","30323934"
"ECON101  CM-03 SP2023","30300112"
"ECON102  CM-04 SP2023","30366830"
"ECON104  PZ-01 SP2023","50010738"
"ECON134  CM-01 SP2023","30372702"
"ECON134  CM-02 SP2023","30367307"
"ECON151  CM-01 SP2023","30212376"
"ECON184  SC-01 SP2023","20187764"
"ECON187  CM-02 SP2023","30212375"
"ENGL094  PZ-01 SP2023","50434943"
"ENGR004L HM-02 SP2023","40220258"
"ENGR025  HM-01 SP2023","40118595"
"ENGR080  HM-01 SP2023","40220258"
"ENGR084  HM-01 SP2023","40215055"
"ENGR182  HM-01 SP2023","40160594"
"FHS 010  CM-07 SP2023","30338543"
"FHS 010  CM-09 SP2023","30312668"
"FREN002L CM-02 SP2023","30385346"
"FREN033  PO-03 SP2023","10364484"
"FREN033L CM-06 SP2023","30385346"
"FREN191  SC-01 SP2023","20042124"
"FWS 010  CM-09 SP2023","30366867"
"GEOL020A PO-02 SP2023","10357912"
"GEOL181  PO-01 SP2023","10180209"
"GERM002  PO-01 SP2023","10030143"
"GOVT020  CM-03 SP2023","30291353"
"GOVT117  CM-01 SP2023","30087471"
"GOVT137A CM-01 SP2023","30087412"
"GWS 183  PO-02 SP2023","10358179"
"HIST043  PO-01 SP2023","10138450"
"HIST062  PO-01 SP2023","10158431"
"HIST087  PZ-01 SP2023","50461079"
"HIST166  PO-01 SP2023","10158431"
"HSA 010  HM-02 SP2023","40005494"
"HSA 010  HM-13 SP2023","40193797"
"ID  186  PO-01 SP2023","10087641"
"ID  191S SC-01 SP2023","20042124"
"ITAL044  SC-01 SP2023","20256427"
"JAPN001B PO-03 SP2023","10043346"
"JAPN111B PO-01 SP2023","10042434"
"JAPN191  PO-04 SP2023","10089102"
"KORE002  CM-03 SP2023","30087465"
"LGCS011  PO-01 SP2023","10108447"
"LIT 177  CM-01 SP2023","30075299"
"MATH030  CM-01 SP2023","30028135"
"MATH032  CM-01 SP2023","30274579"
"MATH058B PO-01 SP2023","10014411"
"MATH073  HM-06 SP2023","40209189"
"MATH102  PO-01 SP2023","10354911"
"MATH102  PZ-01 SP2023","50456717"
"MATH132  PO-01 SP2023","10156943"
"MATH151  CM-01 SP2023","30028135"
"MATH156  HM-01 SP2023","40116545"
"MATH172  CM-01 SP2023","30212258"
"MATH190  PO-01 SP2023","10156943"
"MATH196  HM-01 SP2023","40043116"
"MATH197  HM-14 SP2023","40220276"
"MATH198  HM-01 SP2023","40164164"
"MES 191  PO-04 SP2023","10138450"
"MOBI191B PO-04 SP2023","10134553"
"MOBI191B PO-56 SP2023","10032294"
"MOBI194B PO-48 SP2023","10175474"
"MS  148D PO-01 SP2023","10092356"
"MS  194  PZ-01 SP2023","50010694"
"MSL 104B CM-01 SP2023","30372708"
"MUS 033  PO-01 SP2023","10041968"
"MUS 040  PO-01 SP2023","10020514"
"MUS 080 LPO-02 SP2023","10363123"
"MUS 121  PO-01 SP2023","10363026"
"MUS 171F SC-01 SP2023","20042136"
"MUS 172  SC-01 SP2023","20042137"
"MUS 180H SC-03 SP2023","20256638"
"NEUR095L JT-01 SP2023","20168615"
"NEUR191  PO-08 SP2023","10041942"
"ORST110  PZ-01 SP2023","50010698"
"PE  005A JP-01 SP2023","30372709"
"PE  009  PO-01 SP2023","10029852"
"PE  027  JP-01 SP2023","30322526"
"PE  027  JP-01 SP2023","30322526"
"PE  030  JP-01 SP2023","30018166"
"PE  039E JP-01 SP2023","30238216"
"PE  040  PO-01 SP2023","10043269"
"PE  043  JP-01 SP2023","30153516"
"PE  056  JP-01 SP2023","30378952"
"PE  061  PO-01 SP2023","10313960"
"PE  075  JP-01 SP2023","30273999"
"PE  075  JP-02 SP2023","30273999"
"PE  075B PO-01 SP2023","10257490"
"PE  077A PO-03 SP2023","10035277"
"PE  077B PO-01 SP2023","10355076"
"PE  125  JP-01 SP2023","30347064"
"PE  165  PO-01 SP2023","10163975"
"PE  232  JP-01 SP2023","30300337"
"PHIL030  CM-02 SP2023","30182165"
"PHIL030  CM-03 SP2023","30182165"
"PHIL138  CM-01 SP2023","30360181"
"PHIL164  CM-01 SP2023","30274574"
"PHIL191  PO-04 SP2023","10158952"
"PHIL191  PO-12 SP2023","10085343"
"PHYS024  HM-10 SP2023","40088332"
"PHYS024  HM-11 SP2023","40188763"
"PHYS024R HM-01 SP2023","40199069"
"PHYS024R HM-01 SP2023","40155256"
"PHYS102  KS-01 SP2023","20268895"
"PHYS134  HM-01 SP2023","40088332"
"PHYS172  HM-01 SP2023P2","40220669"
"POLI003  PO-02 SP2023","10370025"
"POLI031  PO-01 SP2023","10188079"
"POLI148  SC-01 SP2023","20042166"
"PORT044  CM-01 SP2023","30379775"
"POST174  PZ-01 SP2023","50461411"
"POST182  PZ-01 SP2023","50172710"
"POST199  PZ-01 SP2023","50172710"
"PPE 001A CM-02 SP2023","30321897"
"PPE 011A CM-01 SP2023","30212112"
"PPE 110A CM-01 SP2023","30338692"
"PSYC037  CM-01 SP2023","30032944"
"PSYC121P PZ-01 SP2023","50456489"
"PSYC132  CM-01 SP2023","30032944"
"PSYC133  SC-01 SP2023","20257168"
"PSYC138  PZ-01 SP2023","50010734"
"PSYC157  PO-01 SP2023","10256410"
"PSYC179M HM-01 SP2023","40209188"
"PSYC182  PZ-01 SP2023","50213736"
"PSYC191  PO-12 SP2023","10180318"
"PSYC191  PO-28 SP2023","10256410"
"RLST010  CM-01 SP2023","30212590"
"SOC 001  PZ-01 SP2023","50461085"
"SOC 035  PZ-01 SP2023","50433469"
"SOC 101  PZ-01 SP2023","50461072"
"SOC 128  JT-01 SP2023","50010739"
"SPAN002  CM-01 SP2023","30087373"
"SPAN002  PZ-03 SP2023","50140523"
"SPAN013  PO-02 SP2023","10196894"
"SPAN031  PZ-01 SP2023","50201601"
"SPAN033  PO-01 SP2023","10008115"
"SPAN033  SC-01 SP2023","20209844"
"SPAN033  SC-04 SP2023","20264677"
"SPAN033L CM-01 SP2023","30203478"
"SPAN033L CM-03 SP2023","30034894"
"SPAN044L CM-01 SP2023","30034894"
"SPAN103  PO-01 SP2023","10157105"
"SPAN132  PZ-01 SP2023","50456337"
"SPAN191  PO-02 SP2023","10196894"
"SPAN192  PO-08 SP2023","10042248"
"TEST002  PZ-01 SP2023","50010831"
"THEA016  PO-01 SP2023","10087641"
"THEA031  PO-01 SP2023","10087641"
"WRIT146  SC-01 SP2023","20252486"
"AMST113  SC-01 SP2023","20256393"
"AMST191  SC-01 SP2023","20042124"
"ANTH002  PZ-01 SP2023","50456488"
"ANTH002  SC-02 SP2023","20280654"
"ANTH022  SC-01 SP2023","20220495"
"ANTH189S PO-01 SP2023","10233194"
"ARBC148  CM-01 SP2023","30347077"
"ARCN144  SC-01 SP2023","20205652"
"ARCN191  SC-01 SP2023","20042124"
"ARHI001B PO-01 SP2023","10013095"
"ARHI136  JT-01 SP2023","20276763"
"ARHI183  PZ-01 SP2023","50140060"
"ARHI186B PZ-01 SP2023","50120623"
"ARHI191  PO-08 SP2023","10042860"
"ART 033  PO-02 SP2023","10043074"
"ART 121  SC-01 SP2023","20125073"
"ART 126B SC-01 SP2023","20276815"
"ART 127  PO-01 SP2023","10043740"
"ART 136  SC-01 SP2023","20256565"
"ASAM089  PZ-01 SP2023","50079486"
"ASAM144  PO-01 SP2023","10364355"
"ASAM191  PO-14 SP2023","10254433"
"ASAM191  PO-48 SP2023","10099192"
"ASTR051  PO-01 SP2023","10157706"
"ASTR066L KS-03 SP2023","20042241"
"ASTR066L KS-04 SP2023","20042241"
"BIOL023  HM-05 SP2023","40164651"
"BIOL041C PO-01 SP2023","10087641"
"BIOL041C PO-02 SP2023","10087641"
"BIOL044LXKS-03 SP2023","20042124"
"BIOL054  HM-01 SP2023","40005424"
"BIOL054  HM-02 SP2023","40005424"
"BIOL154  HM-01 SP2023","40154263"
"BIOL191F PO-36 SP2023","10092220"
"BIOL194B PO-40 SP2023","10282330"
"CGS 060  PZ-01 SP2023","50445217"
"CHEM015L KS-06 SP2023","20042124"
"CHEM015L KS-09 SP2023","20253190"
"CHEM024  HM-01 SP2023","40215075"
"CHEM024  HM-03 SP2023","40220592"
"CHEM042  HM-01 SP2023","40157041"
"CHEM042L KS-02 SP2023","20042214"
"CHEM042R HM-06 SP2023","40215075"
"CHEM111  HM-01 SP2023","40116382"
"CHEM117LXKS-10 SP2023","20264462"
"CHEM152  HM-03 SP2023","40220256"
"CHEM152  HM-12 SP2023","40209984"
"CHEM152  HM-17 SP2023","40116382"
"CHIN013  PO-01 SP2023","10196894"
"CHST191  CH-01 SP2023","20042124"
"CHST191  CH-12 SP2023","10304889"
"CHST191  CH-20 SP2023","10357925"
"CLAS001  PO-01 SP2023","10183410"
"CLAS020  PZ-01 SP2023","50172753"
"CLAS064  PO-01 SP2023","10023651"
"CLAS116  SC-01 SP2023","20280638"
"CORE002  SC-12 SP2023","20042184"
"CORE002  SC-16 SP2023","20253194"
"CORE079R HM-03 SP2023","40043124"
"CSCI046  CM-01 SP2023","30366834"
"CSCI046L CM-02 SP2023","30366834"
"CSCI051ALPO-03 SP2023","10354485"
"CSCI070  HM-01 SP2023","40209985"
"CSCI159  PO-01 SP2023","10180184"
"CSCI181AIHM-01 SP2023","40220259"
"CSCI191  PO-04 SP2023","10089127"
"CSCI192  PO-04 SP2023","10089127"
"CSCI195  HM-01 SP2023","40005497"
"DANC078A SC-01 SP2023","20042149"
"DANC100A SC-01 SP2023","20042149"
"DANC124  PO-01 SP2023","10042972"
"DANC180  PO-01 SP2023","10043312"
"EA  085  PO-01 SP2023","10339810"
"EA  197  PZ-01 SP2023","50058722"
"ECON020  PZ-01 SP2023","50440655"
"ECON052  PO-02 SP2023","10120163"
"ECON101  CM-04 SP2023","30300112"
"ECON102  CM-01 SP2023","30025101"
"ECON125  CM-01 SP2023","30025101"
"ECON125  CM-02 SP2023","30025101"
"ECON129  PO-01 SP2023","10018726"
"ECON134  CM-03 SP2023","30210025"
"ECON134  CM-05 SP2023","30210025"
"ECON172  CM-02 SP2023","30366831"
"ECON180  CM-03 SP2023","30353029"
"ECON190  PO-03 SP2023","10033472"
"ECON190  PO-04 SP2023","10119823"
"ECON194B CM-01 SP2023","30216438"
"ENGL064C PO-01 SP2023","10370518"
"ENGL064D PO-01 SP2023","10358364"
"ENGL120  PZ-01 SP2023","50150292"
"ENGL191  PO-28 SP2023","10233981"
"ENGR004  HM-01 SP2023","40220258"
"ENGR004  HM-02 SP2023","40043284"
"ENGR004L HM-02 SP2023","40043284"
"ENGR072  HM-02 SP2023P1","40001194"
"ENGR080  HM-01 SP2023","40220257"
"ENGR080  HM-02 SP2023","40220257"
"ENGR111  HM-01 SP2023","40043284"
"ENGR122  HM-01 SP2023","40043284"
"ENGR177  HM-01 SP2023","40193798"
"ENGR180  HM-01 SP2023","10355937"
"ENGR180  HM-01 SP2023","40221098"
"ENGR191  HM-01 SP2023","40043116"
"FIN 350  CM-01 SP2023","30372702"
"FREN001L CM-02 SP2023","30385346"
"FREN033L CM-01 SP2023","30182015"
"FREN044  PO-02 SP2023","10196661"
"FREN044L CM-03 SP2023","30385346"
"FREN108  PO-01 SP2023","10196661"
"FREN191  PO-04 SP2023","10000046"
"FREN192  PO-08 SP2023","10196661"
"GERM011  PO-01 SP2023","10196894"
"GOVT020  CM-02 SP2023","30291353"
"GOVT020  CM-04 SP2023","30075288"
"GOVT065  CM-01 SP2023","30156241"
"GOVT100  CM-01 SP2023","30023860"
"GOVT100  CM-01 SP2023","30004460"
"GOVT106  CM-01 SP2023","30028646"
"GOVT128  JT-01 SP2023","50010739"
"GOVT137  CM-01 SP2023","30378918"
"GOVT143C CM-01 SP2023","30016306"
"GOVT145E CM-01 SP2023","30200474"
"GWS 184  PO-01 SP2023","10369400"
"HIST011  PZ-01 SP2023","50010720"
"HIST020  PO-01 SP2023","10370215"
"HIST056  CM-01 SP2023","30274578"
"HIST056  CM-02 SP2023","30274578"
"HIST105  PO-01 SP2023","10254425"
"HIST111  CM-01 SP2023","30020589"
"HIST137  SC-01 SP2023","20280637"
"HIST174  CM-01 SP2023","30212259"
"HIST191  SC-01 SP2023","20042124"
"HSA 010  HM-06 SP2023","40160090"
"HSA 010  HM-15 SP2023","40185205"
"ID  080  CM-01 SP2023","30012465"
"ITAL001  SC-01 SP2023","20280621"
"JAPN001B PO-01 SP2023","10043346"
"JAPN013  PO-01 SP2023","10196894"
"JAPN051B PO-02 SP2023","10035410"
"JAPN051B PO-02 SP2023","10035410"
"LATN022  PO-01 SP2023","10183410"
"LATN022  PO-01 SP2023","10183410"
"LGCS106  PO-01 SP2023","10233155"
"LIT 099B CM-01 SP2023","30384857"
"LIT 099C CM-01 SP2023","30366867"
"MATH032  PO-01 SP2023","10364360"
"MATH049E HM-01 SP2023P2","40043116"
"MATH060  PO-03 SP2023","10354911"
"MATH073  HM-03 SP2023","40209186"
"MATH155  HM-01 SP2023","40150702"
"MATH180  CM-01 SP2023","30274579"
"MATH193  HM-01 SP2023","40150702"
"MATH197  HM-08 SP2023","40116545"
"MATH197A CM-01 SP2023","30372698"
"MATH198  HM-03 SP2023","40220654"
"MATH199  HM-01 SP2023","40005470"
"MOBI194B PO-12 SP2023","10005870"
"MOBI194B PO-42 SP2023","10271004"
"MOBI194B PO-44 SP2023","10042125"
"MOBI194B PO-60 SP2023","10306332"
"MS  036  SC-01 SP2023","20276810"
"MS  059  SC-01 SP2023","20268899"
"MS  100  AA-01 SP2023","50362674"
"MUS 004  PO-01 SP2023","10041968"
"MUS 007  PO-01 SP2023","10260966"
"MUS 080  PO-01 SP2023","10011057"
"MUS 080 LPO-01 SP2023","10197342"
"MUS 091  PO-01 SP2023","10042136"
"MUS 102  SC-01 SP2023","20196117"
"MUS 171F SC-03 SP2023","20276809"
"NEUR101B PO-01 SP2023","10041942"
"NEUR101BLPO-02 SP2023","10038267"
"NEUR123  PO-01 SP2023","10186413"
"NEUR168  PO-01 SP2023","10323940"
"NEUR178  PO-01 SP2023","10042125"
"NEUR194B PO-08 SP2023","10134639"
"NEUR197  KS-01 SP2023","20123322"
"PE  001  PO-01 SP2023","10163975"
"PE  007  PO-01 SP2023","10257490"
"PE  015  PO-01 SP2023","10363137"
"PE  018  JP-01 SP2023","30360137"
"PE  029A JP-01 SP2023","30255736"
"PE  070H JP-01 SP2023","30379039"
"PE  073I JP-01 SP2023","30273999"
"PE  074A JP-01 SP2023","30273999"
"PE  082  JP-01 SP2023","30019945"
"PE  100  JP-01 SP2023","30337804"
"PE  105  JP-01 SP2023","30027303"
"PE  137  JP-01 SP2023","30353794"
"PE  220  JP-01 SP2023","30031488"
"PHIL046  PO-01 SP2023","10042237"
"PHIL100E CM-02 SP2023","30212027"
"PHYS024  HM-04 SP2023","40088332"
"PHYS024R HM-01 SP2023","40155256"
"PHYS024R HM-01 SP2023","40155256"
"PHYS031L KS-02 SP2023","20268916"
"PHYS031LXKS-01 SP2023","20280591"
"PHYS050  HM-01 SP2023","40220669"
"PHYS050  HM-04 SP2023","40220254"
"PHYS128  PO-01 SP2023","10306268"
"PHYS134  HM-03 SP2023","40088332"
"PHYS174  PO-01 SP2023","10022994"
"PHYS175  PO-01 SP2023","10361265"
"POLI126  SC-01 SP2023","20252260"
"POLI135  SC-01 SP2023","20042155"
"POLI172  PO-01 SP2023","10295529"
"POLI189R PO-01 SP2023","10370069"
"POLI189U PO-01 SP2023","10370357"
"POLI191  PO-08 SP2023","10043336"
"PORT022  CM-01 SP2023","30302030"
"POST060  PZ-01 SP2023","50004504"
"POST153  PZ-01 SP2023","50319703"
"PPE 001B CM-02 SP2023","30321897"
"PSYC030  CM-04 SP2023","30384874"
"PSYC037  CM-03 SP2023","30346566"
"PSYC065  CM-01 SP2023","30384855"
"PSYC070  CM-01 SP2023","30198177"
"PSYC070  CM-02 SP2023","30025477"
"PSYC103  SC-02 SP2023","20276836"
"PSYC121  PZ-01 SP2023","50456489"
"PSYC125  AF-01 SP2023","10180318"
"PSYC126  PZ-01 SP2023","50213736"
"PSYC161  CM-01 SP2023","30182032"
"PSYC170  PO-01 SP2023","10370519"
"PSYC197A CM-04 SP2023","30293905"
"PSYC197B CM-05 SP2023","30198177"
"RLST110  PO-01 SP2023","10043648"
"RLST130A CM-01 SP2023","30384858"
"SOC 091  PZ-01 SP2023","50134270"
"SOC 102  PZ-01 SP2023","50461083"
"SOC 119  PZ-01 SP2023","50456486"
"SOC 126  AA-01 SP2023","10085197"
"SPAN002  PZ-02 SP2023","50140523"
"SPAN033  CM-01 SP2023","30203478"
"SPAN033  CM-02 SP2023","30203478"
"SPAN033  PO-01 SP2023","10008115"
"SPAN033  SC-02 SP2023","20209844"
"SPAN033  SC-02 SP2023","20209844"
"SPAN033  SC-03 SP2023","20280576"
"SPAN033L CM-01 SP2023","30034894"
"SPAN033L CM-03 SP2023","30378972"
"SPAN044  PZ-01 SP2023","50413093"
"SPAN044L CM-01 SP2023","30378972"
"SPAN044L CM-04 SP2023","30378972"
"SPAN044L CM-04 SP2023","30075707"
"SPAN055  PZ-01 SP2023","50413093"
"SPAN108  PO-01 SP2023","10042248"
"SPAN120B PO-01 SP2023","10196894"
"SPAN137  PZ-01 SP2023","50164815"
"SPAN189  PZ-01 SP2023","50010691"
"THEA012  PO-01 SP2023","10363029"
"THEA017  PO-01 SP2023","10099382"
"THEA026  PO-01 SP2023","10370492"
"THEA188  PO-01 SP2023","10370395"
"THEA191H PO-04 SP2023","10313659"
"WRIT016  PZ-01 SP2023","50058024"
"AFRI120  PZ-01 SP2023","50010686"
"AFRI121IOAF-01 SP2023","30360184"
"AFRI134  PO-01 SP2023","10364460"
"AMST103  JT-01 SP2023","20256393"
"ANTH030  SC-01 SP2023","20179111"
"ANTH127  SC-01 SP2023","20260063"
"ANTH185P SC-01 SP2023","20179111"
"ARBC002  CM-02 SP2023","30223608"
"ARBC014  CM-01 SP2023","30360629"
"ARHI177  SC-01 SP2023","20222656"
"ARHI185  SC-01 SP2023","20268837"
"ARHI186Z PZ-01 SP2023","50120623"
"ART 060  HM-01 SP2023","40005407"
"ART 126  PZ-01 SP2023","50456484"
"ART 142  SC-01 SP2023","20276810"
"ART 179L HM-01 SP2023","40216013"
"ASAM128  PZ-01 SP2023","50188977"
"ASAM143 PO-01 SP2023","10364355"
"ASAM179N HM-01 SP2023","40199067"
"ASAM191  PO-36 SP2023","10364355"
"BIOL007 LPO-01 SP2023","10282330"
"BIOL042LXKS-02 SP2023","20276850"
"BIOL044LXKS-07 SP2023","20042124"
"BIOL044LXKS-09 SP2023","20042124"
"BIOL046R HM-02 SP2023","40005453"
"BIOL054  HM-01 SP2023","40084960"
"BIOL054  HM-02 SP2023","40084960"
"BIOL057L KS-01 SP2023","20276867"
"BIOL106  PO-01 SP2023","10120280"
"BIOL106  PO-01 SP2023","10120280"
"BIOL157L KS-01 SP2023","20276867"
"BIOL164  KS-01 SP2023","20184653"
"BIOL168L KS-01 SP2023","20264521"
"BIOL169  PO-01 SP2023","10358160"
"BIOL170L KS-01 SP2023","20253160"
"BIOL173L KS-01 SP2023","20195442"
"BIOL175  KS-02 SP2023","20264773"
"BIOL193  HM-05 SP2023","40043655"
"BIOL193  HM-06 SP2023","40164651"
"BIOL194B PO-04 SP2023","10134553"
"BIOL194B PO-20 SP2023","10331443"
"CGS 050  PZ-01 SP2023","50010729"
"CHEM001B PO-04 SP2023","10370220"
"CHEM015L KS-02 SP2023","20268921"
"CHEM015L KS-09 SP2023","20253190"
"CHEM015L KS-10 SP2023","20253190"
"CHEM029L KS-01 SP2023","20042984"
"CHEM110BLPO-03 SP2023","10091830"
"CHEM114  HM-01 SP2023","40220255"
"CHEM115  PO-01 SP2023","10175474"
"CHEM117LXKS-02 SP2023","20264462"
"CHEM117LXKS-08 SP2023","20264462"
"CHEM152  HM-11 SP2023","40209984"
"CHEM158BLPO-01 SP2023","10043357"
"CHEM193O HM-01 SP2023","40220592"
"CHEM194  PO-04 SP2023","10345516"
"CHIN001B PO-03 SP2023","10370668"
"CHLT083  CH-01 SP2023","50461097"
"CHST192  CH-04 SP2023","10123210"
"CORE002  SC-10 SP2023","20042166"
"CORE002  SC-13 SP2023","20042901"
"CORE079R HM-09 SP2023","40043116"
"CORE079R HM-11 SP2023","40043116"
"CSCI004  PZ-01 SP2023","50085735"
"CSCI060  HM-01 SP2023","40164205"
"CSCI060  HM-01 SP2023","40205186"
"CSCI101  PO-01 SP2023","10089127"
"CSCI105  HM-02 SP2023","40005481"
"CSCI131  HM-01 SP2023","40156281"
"CSCI143  CM-01 SP2023","30366834"
"CSCI148  CM-01 SP2023","30367199"
"CSCI181AIHM-02 SP2023","40220259"
"CSCI191  PO-06 SP2023","10364363"
"CSCI195  HM-01 SP2023","40005497"
"DANC051 PPO-01 SP2023","10042972"
"DANC078A SC-01 SP2023","20042149"
"DANC111B SC-01 SP2023","20252405"
"DANC112B SC-01 SP2023","20277765"
"DANC120  PO-01 SP2023","10087641"
"DANC151 PPO-01 SP2023","10087641"
"DANC152 PPO-01 SP2023","10351749"
"DANC162B SC-02 SP2023","20042152"
"DANC170  PO-01 SP2023","10087641"
"DANC176  PO-01 SP2023","10358182"
"EA  197  KS-01 SP2023","20042124"
"ECON051  SC-01 SP2023","20205654"
"ECON057  PO-01 SP2023","10213581"
"ECON100  CM-01 SP2023","30023860"
"ECON104  CM-01 SP2023","30226145"
"ECON125  PZ-01 SP2023","50010738"
"ECON134  CM-04 SP2023","30210025"
"ECON175  PZ-01 SP2023","50456345"
"ECON181  CM-01 SP2023","30372702"
"ECON191  CM-01 SP2023","30322602"
"EDUC301GSCG-01 SP2023","75024655"
"ENGL079  PO-01 SP2023","10306813"
"ENGL102  SC-01 SP2023","20247422"
"ENGL125C AF-01 SP2023","10043340"
"ENGL130  PZ-01 SP2023","50150292"
"ENGL191  PO-44 SP2023","10351610"
"ENGL194  PZ-01 SP2023","50434943"
"ENGR004  HM-02 SP2023","40220258"
"ENGR004L HM-01 SP2023","40220653"
"ENGR082  HM-01 SP2023","40220257"
"ENGR111  HM-01 SP2023","40043116"
"ENGR185B HM-01 SP2023P1","40005500"
"FHS 010  CM-02 SP2023","30384854"
"FIN 410  CM-01 SP2023","30360179"
"FREN044L CM-02 SP2023","30385346"
"FREN101  PO-01 SP2023","10000046"
"FREN191  PO-08 SP2023","10196661"
"FREN193  PO-04 SP2023","10037773"
"FWS 010  CM-04 SP2023","30313443"
"GOVT020  CM-06 SP2023","30156241"
"GOVT070  CM-02 SP2023","30367765"
"GOVT070H CM-01 SP2023","30200474"
"GWS 026  PO-02 SP2023","10087641"
"HIST025  PZ-01 SP2023","50451007"
"HIST101T CH-01 SP2023","10361324"
"HIST123  CM-01 SP2023","30297967"
"HIST174  PO-01 SP2023","10278945"
"HSA 010  HM-03 SP2023","40112929"
"ITAL033  SC-01 SP2023","20256427"
"LATN044  PO-01 SP2023","10183410"
"LGCS011  PO-02 SP2023","10361280"
"LGCS120  PO-01 SP2023","10364497"
"LGCS125  PO-01 SP2023","10366578"
"LGCS191  PO-12 SP2023","10351442"
"LIT 163  AF-01 SP2023","30182015"
"MATH010W PZ-01 SP2023","50378758"
"MATH030  SC-01 SP2023","20249453"
"MATH031  SC-01 SP2023","20042159"
"MATH049E HM-02 SP2023P2","40043116"
"MATH055  HM-02 SP2023","40164164"
"MATH058  PO-01 SP2023","10148564"
"MATH073  HM-02 SP2023","40214863"
"MATH190  CM-01 SP2023","30226804"
"MATH197  HM-06 SP2023","40220654"
"MCBI118A HM-01 SP2023P1","40163647"
"MCBI199  HM-01 SP2023","40005453"
"MLLC155  PZ-01 SP2023","50010795"
"MOBI191B PO-36 SP2023","10043238"
"MOBI191B PO-44 SP2023","10042125"
"MOBI191B PO-60 SP2023","10306332"
"MOBI194B PO-24 SP2023","10043446"
"MOBI194B PO-28 SP2023","10134639"
"MOBI194B PO-32 SP2023","10358160"
"MS  049  PO-01 SP2023","10087503"
"MS  082  SC-01 SP2023","20256624"
"MS  124  PZ-01 SP2023","50445950"
"MS  190  JT-01 SP2023","20175257"
"MSL 102B CM-01 SP2023","30384838"
"MUS 065  PO-01 SP2023","10281423"
"MUS 082 LPO-01 SP2023","10042877"
"MUS 171H SC-02 SP2023","20265622"
"MUS 171H SC-04 SP2023","20042141"
"MUS 176  JM-01 SP2023","20277759"
"NEUR101BLPO-02 SP2023","10041942"
"NEUR103  KS-01 SP2023","20280624"
"NEUR191  PO-16 SP2023","10323940"
"NEUR194B PO-12 SP2023","10186413"
"NEUR194B PO-16 SP2023","10041942"
"NEUR194B PO-20 SP2023","10042125"
"PE  005E JP-01 SP2023","30372709"
"PE  023  PO-01 SP2023","10023033"
"PE  025A JP-01 SP2023","30075319"
"PE  034A JP-01 SP2023","30366829"
"PE  039D JP-01 SP2023","30238216"
"PE  040  JP-01 SP2023","30031488"
"PE  056E JP-01 SP2023","30384844"
"PE  074A JP-01 SP2023","30273999"
"PE  125W PO-01 SP2023","10142045"
"PE  170M PO-01 SP2023","10308956"
"PE  211  JP-01 SP2023","30031488"
"PE  231  JP-01 SP2023","30262009"
"PE  247  JP-01 SP2023","30031488"
"PHIL095  CM-01 SP2023","30025279"
"PHIL111  HM-01 SP2023","40185205"
"PHIL160  SC-01 SP2023","20042987"
"PHYS024  HM-06 SP2023","40220669"
"PHYS024  HM-09 SP2023","40199069"
"PHYS024R HM-02 SP2023","40155256"
"PHYS024R HM-02 SP2023","40155256"
"PHYS031L KS-01 SP2023","20268916"
"PHYS031LXKS-02 SP2023","20280591"
"PHYS031LXKS-03 SP2023","20280591"
"PHYS031LXKS-04 SP2023","20042124"
"PHYS031LXKS-05 SP2023","20042124"
"PHYS034L KS-01 SP2023","20042219"
"PHYS034L KS-03 SP2023","20042124"
"PHYS034L KS-03 SP2023","20280625"
"PHYS116  HM-01 SP2023","40155256"
"PHYS191  HM-01 SP2023","40043116"
"PHYS191E PO-36 SP2023","10346589"
"PHYS191L PO-16 SP2023","10181284"
"POLI090  PO-01 SP2023","10256419"
"POLI134  PO-01 SP2023","10188079"
"POST190  PZ-01 SP2023","50010723"
"PSYC010  PZ-01 SP2023","50079670"
"PSYC081  CM-02 SP2023","30323939"
"PSYC103  SC-01 SP2023","20171378"
"PSYC103  SC-02 SP2023","20276836"
"PSYC131  PO-01 SP2023","10353349"
"PSYC162  PO-01 SP2023","10000076"
"PSYC179T HM-01 SP2023","40209188"
"PSYC191  PZ-01 SP2023","50434947"
"PSYC197B CM-01 SP2023","30182032"
"RLST025  PO-01 SP2023","10138018"
"RUSS044  PO-01 SP2023","10087503"
"SOC 191  PO-12 SP2023","10364498"
"SPAN002  PO-01 SP2023","10370490"
"SPAN011  PO-01 SP2023","10196894"
"SPAN033  PZ-02 SP2023","50456337"
"SPAN100  PZ-01 SP2023","50201601"
"SPAN126  PO-01 SP2023","10042508"
"SPAN170  PO-01 SP2023","10157105"
"SPAN171  SC-01 SP2023","20280576"
"SPCH061B CM-01 SP2023","30027046"
"THEA001A PO-01 SP2023","10087641"
"ANTH118  SC-01 SP2023","20220495"
"ANTH134  HM-01 SP2023","40005494"
"ARHI151  SC-01 SP2023","20276811"
"ARHI179E HM-01 SP2023","40216012"
"ARHI188  SC-01 SP2023","20222656"
"ART 102  SC-01 SP2023","20252266"
"ASAM179M HM-01 SP2023","40199067"
"ASAM191  PO-24 SP2023","10354740"
"ASAM191  PO-44 SP2023","10358154"
"ASAM191  PO-64 SP2023","10370875"
"ASAM191  PO-64 SP2023","20280660"
"ASTR066L KS-03 SP2023","20042241"
"BIOL044LXKS-01 SP2023","20042124"
"BIOL182  HM-01 SP2023","40043655"
"BIOL187F KS-01 SP2023","20195442"
"BIOL194B PO-28 SP2023","10120280"
"BIOL194B PO-32 SP2023","10358160"
"CHEM001B PO-02 SP2023","10042772"
"CHEM042  HM-01 SP2023","40215058"
"CHEM042  HM-01 SP2023","40220256"
"CHEM081L KS-01 SP2023","20123323"
"CHEM112  PO-01 SP2023","10248799"
"CHEM117L KS-02 SP2023","20253190"
"CHEM117LXKS-04 SP2023","20264462"
"CHEM127L KS-01 SP2023","20042229"
"CHEM152  HM-06 SP2023","40043655"
"CHEM152  HM-08 SP2023","40155078"
"CHEM152  HM-18 SP2023","40116382"
"CHEM156  PO-01 SP2023","10043446"
"CHEM177  KS-01 SP2023","20219101"
"CHEM180  KS-01 SP2023","20219101"
"CHEM194  PO-16 SP2023","10248799"
"CHEM194  PO-28 SP2023","10087224"
"CHIN001B PO-02 SP2023","10042175"
"CHIN122  PO-01 SP2023","10346813"
"CHST187  CH-01 SP2023","20253194"
"CHST191  CH-04 SP2023","10123210"
"CHST192  CH-12 SP2023","10304889"
"CLAS162  PZ-01 SP2023","50172753"
"CLAS192  PO-04 SP2023","10254425"
"CLES101  HM-01 SP2023","40209984"
"CORE002  SC-02 SP2023","20179112"
"CORE002  SC-07 SP2023","20252266"
"CORE079  HM-01 SP2023","40043654"
"CORE079R HM-08 SP2023","40043116"
"CORE079R HM-09 SP2023","40155078"
"CORE079R HM-12 SP2023","40043116"
"CORE079R HM-13 SP2023","40043116"
"CREA159C PZ-01 SP2023","50010733"
"CSCI051ALPO-04 SP2023","10361322"
"CSCI105  HM-01 SP2023","40005481"
"CSCI131  HM-02 SP2023","40156281"
"CSCI131  HM-02 SP2023","40199068"
"CSCI133  HM-01 SP2023","40169273"
"CSCI143  CM-01 SP2023","30366834"
"CSCI144  HM-01 SP2023","40220655"
"CSCI181U HM-01 SP2023","40199068"
"CSMT184  HM-01 SP2023","40150702"
"DANC076A SC-01 SP2023","20042149"
"DANC162B SC-01 SP2023","20042149"
"EA  010  PZ-02 SP2023","50451544"
"EA  030L KS-01 SP2023","20280646"
"EA  032  PZ-01 SP2023","50152079"
"EA  085 LPO-02 SP2023","10339810"
"EA  112  PZ-01 SP2023","50456345"
"ECON050  CM-01 SP2023","30274575"
"ECON051  PO-02 SP2023","10366463"
"ECON052  PO-01 SP2023","10018726"
"ECON091  PZ-01 SP2023","50010738"
"ECON101  CM-02 SP2023","30323934"
"ECON117  PO-01 SP2023","10363025"
"ECON124  PO-01 SP2023","10366463"
"ECON165  CM-02 SP2023","30087392"
"EDUC301G CG-01 SP2023","75024655"
"ENGL064C PO-02 SP2023","10358080"
"ENGL073  PZ-01 SP2023","50461080"
"ENGL138  PO-01 SP2023","10138259"
"ENGL145  SC-01 SP2023","20247422"
"ENGL189K PO-01 SP2023","10358364"
"ENGL197S SC-01 SP2023","20260064"
"ENGR072  HM-01 SP2023P1","40005488"
"ENGR080  HM-02 SP2023","40205189"
"ENGR080  HM-03 SP2023","40169710"
"ENGR080  HM-03 SP2023","40205189"
"ENGR080  HM-03 SP2023","40205195"
"ENGR185A HM-01 SP2023P1","40005500"
"ENGR190BAHM-01 SP2023","40215400"
"ENGR190BFHM-01 SP2023","40043855"
"FREN002L CM-04 SP2023","30182015"
"FREN013  PO-01 SP2023","10196894"
"FREN033L CM-03 SP2023","30182015"
"FREN044L CM-04 SP2023","30182015"
"GEOL189V PO-01 SP2023","10357912"
"GERM002  PO-01 SP2023","10030143"
"GERM010  PO-01 SP2023","10141237"
"GERM104  PO-01 SP2023","10141237"
"GOVT080  CM-02 SP2023","30384854"
"GOVT128  JT-01 SP2023","50452231"
"GOVT140  CM-01 SP2023","30346092"
"GREK033  SC-01 SP2023","20042986"
"HIST059  CM-01 SP2023","30346469"
"HIST082  HM-01 SP2023","40155077"
"HIST111  CM-02 SP2023","30020589"
"HIST167  CM-01 SP2023","30378926"
"HIST178  PZ-01 SP2023","50058026"
"HIST180  PO-01 SP2023","10370335"
"HSA 010  HM-10 SP2023","40221097"
"ID  199S1PO-01 SP2023","10240152"
"KRNT130  CM-01 SP2023","30378925"
"LAS 180  PO-01 SP2023","10358179"
"LEAD010  CM-01 SP2023","30136869"
"LGCS191  PO-06 SP2023","10364497"
"LIT 035  HM-01 SP2023","40174154"
"LIT 058  CM-01 SP2023","30366867"
"LIT 099A CM-01 SP2023","30032005"
"LIT 162  AF-01 SP2023","30030186"
"LIT 185  CM-01 SP2023","30323942"
"MATH031  PZ-01 SP2023","50440601"
"MATH032  PO-02 SP2023","10370477"
"MATH060  PO-01 SP2023","10307642"
"MATH067  PO-01 SP2023","10089075"
"MATH073  HM-01 SP2023","40214863"
"MATH073  HM-04 SP2023","40209186"
"MATH103  PO-01 SP2023","10089075"
"MATH147  HM-01 SP2023","40005472"
"MATH150  PO-01 SP2023","10014411"
"MATH151  PO-01 SP2023","10348048"
"MATH197  HM-12 SP2023","40005472"
"MATH197  HM-14 SP2023","30212258"
"MOBI191B PO-24 SP2023","10134639"
"MOBI191B PO-52 SP2023","10032286"
"MOBI194B PO-52 SP2023","10032286"
"MS  038  SC-01 SP2023","20268899"
"MS  126  PO-01 SP2023","10364689"
"MS  175  PO-01 SP2023","10357924"
"MSL 099  CM-01 SP2023","30379737"
"MSL 102B CM-01 SP2023","30379737"
"MUS 007  PO-02 SP2023","10260966"
"MUS 112  SC-01 SP2023","20265264"
"MUS 180F SC-03 SP2023","20256638"
"MUS 180H SC-02 SP2023","20276816"
"NEUR095L JT-01 SP2023","20042124"
"NEUR101BLPO-01 SP2023","10038267"
"NEUR118  PO-01 SP2023","10246839"
"NEUR178 LPO-01 SP2023","10042125"
"NEUR178 LPO-02 SP2023","10042125"
"NEUR181  KS-01 SP2023","20268920"
"NEUR194B PO-04 SP2023","10323940"
"NEUR194B PO-14 SP2023","10042453"
"ORST164  PZ-01 SP2023","50378764"
"PE  008B JP-01 SP2023","30353794"
"PE  009A PO-01 SP2023","10370462"
"PE  009A PO-02 SP2023","10043270"
"PE  010  PO-01 SP2023","10029852"
"PE  014B JP-01 SP2023","30373039"
"PE  015  JP-02 SP2023","30023264"
"PE  018A JP-01 SP2023","30385372"
"PE  021  JP-01 SP2023","30208464"
"PE  022A PO-01 SP2023","10120233"
"PE  073D JP-01 SP2023","30243977"
"PE  140M PO-01 SP2023","10257490"
"PE  145  JP-01 SP2023","30023264"
"PHIL035  CM-01 SP2023","30367764"
"PHYS024  HM-12 SP2023","40220669"
"PHYS024R HM-01 SP2023","40088332"
"PHYS024R HM-01 SP2023","40155256"
"PHYS031LXKS-06 SP2023","20280591"
"PHYS042 LPO-01 SP2023","10364725"
"PHYS049B HM-01 SP2023","40005340"
"PHYS052  HM-02 SP2023","40002362"
"PHYS052  HM-03 SP2023","40002362"
"PHYS054  HM-02 SP2023","40005340"
"PHYS054  HM-04 SP2023","40005340"
"PHYS114  KS-01 SP2023","20268916"
"PHYS134  HM-02 SP2023","40088332"
"PHYS134  HM-03 SP2023","40088332"
"PHYS139  PO-01 SP2023","10361265"
"PHYS154  HM-01 SP2023","40199069"
"PHYS191E PO-08 SP2023","10306268"
"PHYS191L PO-08 SP2023","10306268"
"PHYS191L PO-28 SP2023","10346589"
"PHYS199  HM-01 SP2023","40002362"
"POLI135L SC-01 SP2023","20042124"
"POLI193  PO-04 SP2023","10229857"
"PORT002  PZ-01 SP2023","50461106"
"PPE 011B CM-02 SP2023","30260376"
"PPE 110B CM-01 SP2023","30338692"
"PSYC030  CM-03 SP2023","30378919"
"PSYC092P PZ-01 SP2023","50018303"
"PSYC111L CM-01 SP2023","30274074"
"PSYC180  CM-01 SP2023","30025477"
"PSYC197B CM-02 SP2023","30323939"
"RLST020  PO-01 SP2023","10138018"
"RLST064  CM-02 SP2023","30384858"
"RLST150  AF-01 SP2023","10120888"
"RLST152  PO-01 SP2023","10092210"
"RUSS191  PO-08 SP2023","10030986"
"SOC 103  JT-01 SP2023","10348354"
"SPAN033L CM-04 SP2023","30034894"
"SPAN044L CM-03 SP2023","30378972"
"SPAN101  SC-01 SP2023","20280576"
"SPAN130  CM-01 SP2023","30379775"
"SPAN138  PZ-01 SP2023","50461461"
"SPAN142  PO-01 SP2023","10042248"
"SPAN191  PO-04 SP2023","10157105"
"TEST010  SC-01 SP2023","20264675"
"THEA002  PO-01 SP2023","10370492"
"THEA053CGPO-01 SP2023","10358182"
"THEA053CIPO-01 SP2023","10358182"
"THEA053HGPO-01 SP2023","10358182"
"THES191D SC-01 SP2023","20042124"
"ANTH002  PO-02 SP2023","10364730"
"ANTH117  PO-01 SP2023","10370106"
"ARBC002  CM-02 SP2023","30223608"
"ARHI136  JT-01 SP2023","10175143"
"ARHI136  JT-01 SP2023","20268837"
"ART 005  PO-01 SP2023","10043074"
"ART 113  PZ-01 SP2023","50119081"
"ART 143  SC-01 SP2023","20272985"
"ART 147  SC-01 SP2023","20042194"
"ART 151  JT-01 SP2023","20125073"
"ART 151  JT-01 SP2023","20273151"
"ART 179K HM-01 SP2023","40215401"
"ART 179K HM-01 SP2023","40215401"
"ART 193  SC-01 SP2023","20272985"
"ASAM056  PZ-01 SP2023","50456356"
"ASAM160  AA-01 SP2023","20280660"
"ASAM191  PO-08 SP2023","10304889"
"ASIA192  PO-04 SP2023","10043648"
"ASTR066L KS-02 SP2023","20042241"
"BIOL007 LPO-03 SP2023","10282330"
"BIOL023  HM-01 SP2023","40164651"
"BIOL023  HM-02 SP2023","40005424"
"BIOL041C PO-03 SP2023","10087641"
"BIOL041E PO-02 SP2023","10042453"
"BIOL042LXKS-02 SP2023","20276850"
"BIOL044L KS-03 SP2023","20280665"
"BIOL044L KS-06 SP2023","20195451"
"BIOL046  HM-01 SP2023","40005453"
"BIOL046R HM-03 SP2023","40163647"
"BIOL108  HM-01 SP2023","40005453"
"BIOL131  KS-01 SP2023","20223601"
"BIOL136L KS-01 SP2023","20256390"
"BIOL141L KS-01 SP2023","20042124"
"BIOL168L KS-01 SP2023","20264521"
"BIOL174  PO-01 SP2023","10134553"
"BIOL187M KS-01 SP2023","20042221"
"BIOL191F PO-38 SP2023","10271004"
"CHEM001B PO-03 SP2023","10043357"
"CHEM015L KS-06 SP2023","20098529"
"CHEM015L KS-07 SP2023","20098529"
"CHEM015L KS-08 SP2023","20098529"
"CHEM024  HM-02 SP2023","40215058"
"CHEM042R HM-02 SP2023","40220256"
"CHEM042R HM-03 SP2023","40215075"
"CHEM070L KS-01 SP2023","20264770"
"CHEM110BLPO-04 SP2023","10366464"
"CHEM112  HM-01 SP2023","40215059"
"CHEM115 LPO-01 SP2023","10248799"
"CHEM127L KS-01 SP2023","20280655"
"CHEM152  HM-21 SP2023","40043284"
"CHEM182  HM-01 SP2023","40043655"
"CHEM190L KS-01 SP2023","20042221"
"CHEM191  PO-08 SP2023","10042772"
"CHEM191  PO-20 SP2023","10175474"
"CHEM194  PO-12 SP2023","10043446"
"CHIN001B PO-01 SP2023","10370118"
"CHIN001B PO-03 SP2023","10370668"
"CHLT056  CH-02 SP2023","50456356"
"CHST066  CH-01 SP2023","20232550"
"CHST192  CH-20 SP2023","10357925"
"CLAS161  PZ-01 SP2023","50461071"
"CLAS191  SC-01 SP2023","20042124"
"CORE002  SC-05 SP2023","20187767"
"CORE002  SC-08 SP2023","20042198"
"CORE002  SC-14 SP2023","20264677"
"CORE002  SC-14 SP2023","20264572"
"CORE079  HM-01 SP2023","40043124"
"CORE079R HM-10 SP2023","40043116"
"CORE079R HM-12 SP2023","40043654"
"CSCI036  CM-02 SP2023","30367199"
"CSCI060  HM-01 SP2023","40164205"
"CSCI062 LPO-01 SP2023","10366466"
"CSCI070  HM-02 SP2023","40209985"
"CSCI070  HM-03 SP2023","40005497"
"CSCI081  HM-01 SP2023","40193796"
"CSCI081  HM-02 SP2023","40193796"
"CSCI105 LPO-01 SP2023","10357926"
"CSCI184  HM-01 SP2023","40043116"
"CSCI184  HM-01 SP2023","40193795"
"DANC076B SC-01 SP2023","20042149"
"DANC162B SC-03 SP2023","20252405"
"EA  010  PZ-01 SP2023","50058722"
"EA  103L KS-01 SP2023","20219102"
"EA  171  PO-01 SP2023","10024385"
"EA  174  JT-01 SP2023","40205473"
"EA  174  JT-01 SP2023","10024385"
"ECON051  PO-01 SP2023","10366463"
"ECON091  PZ-02 SP2023","50456342"
"ECON101  CM-05 SP2023","30300112"
"ECON102  CM-02 SP2023","30353379"
"ECON120  CM-01 SP2023","30153484"
"ECON120  CM-02 SP2023","30153484"
"ECON125  CM-03 SP2023","30075307"
"ECON125  PO-01 SP2023","10042412"
"ECON145  PZ-01 SP2023","50339865"
"ECON154  CM-01 SP2023","30012465"
"ECON180  CM-02 SP2023","30353029"
"ENGL086  PO-01 SP2023","10358080"
"ENGL161A PZ-01 SP2023","50461080"
"ENGL180  SC-01 SP2023","20252259"
"ENGL185  SC-01 SP2023","20173557"
"ENGL191  PO-04 SP2023","10179974"
"ENGL199T SC-01 SP2023","20042124"
"ENGR004  HM-01 SP2023","40193798"
"ENGR004L HM-03 SP2023","40220653"
"ENGR080  HM-01 SP2023","40205195"
"ENGR080  HM-03 SP2023","40220258"
"ENGR102  HM-01 SP2023","40005433"
"ENGR113  HM-01 SP2023","40043116"
"ENGR124  HM-01 SP2023","40005488"
"ENGR180  HM-01 SP2023","40221098"
"ENGR190BAHM-01 SP2023","40215400"
"FGSS188F SC-01 SP2023","20280577"
"FHS 010  CM-04 SP2023","30153493"
"FREN001  SC-01 SP2023","20268842"
"FREN002  PO-01 SP2023","10361272"
"FREN002  SC-02 SP2023","20187765"
"FREN111  PO-01 SP2023","10000046"
"FREN115  CM-01 SP2023","30030186"
"GOVT020  CM-07 SP2023","30378938"
"GOVT020  CM-08 SP2023","30153500"
"GOVT170  CM-01 SP2023","30025208"
"GREK044  SC-01 SP2023","20042986"
"GWS 191  PO-12 SP2023","10369400"
"HIST054  CM-01 SP2023","30212651"
"HIST099  CM-01 SP2023","30251403"
"HIST142E CM-02 SP2023","30028549"
"HSA 010  HM-14 SP2023","40193797"
"IR  100  PO-01 SP2023","10209929"
"ITAL002  SC-02 SP2023","20187989"
"JAPN014B PO-01 SP2023","10144775"
"JAPN051B PO-01 SP2023","10035410"
"JAPN111B PO-01 SP2023","10042434"
"LATN033  SC-01 SP2023","20280638"
"LGCS010  PO-01 SP2023","10351442"
"LGCS135  PO-01 SP2023","10361280"
"LGCS191  PO-08 SP2023","10108447"
"LIT 179AGHM-01 SP2023","40156281"
"MATH010W PZ-01 SP2023","50339931"
"MATH030  CM-03 SP2023","30384837"
"MATH030  PO-01 SP2023","10307642"
"MATH030  PZ-01 SP2023","50461070"
"MATH058  PO-01 SP2023","10148564"
"MATH058B PO-01 SP2023","10014411"
"MATH062  HM-03 SP2023","40220261"
"MATH073  HM-05 SP2023","40209189"
"MATH073  HM-08 SP2023","40220654"
"MATH145A PZ-01 SP2023","50456717"
"MATH152  CM-01 SP2023","30367209"
"MATH162  CM-01 SP2023","30360180"
"MATH171  HM-01 SP2023","40005499"
"MATH184  HM-01 SP2023","40043656"
"MATH191  PO-04 SP2023","10156943"
"MATH193  HM-01 SP2023","40150702"
"MOBI188  PO-01 SP2023","10085346"
"MOBI191B PO-42 SP2023","10271004"
"MS  120  PZ-01 SP2023","50199958"
"MS  174  PO-01 SP2023","10357924"
"MS  175  PO-01 SP2023","10357924"
"MS  190  JT-02 SP2023","40043124"
"MSL 099  CM-01 SP2023","30384838"
"MSL 103B CM-01 SP2023","30379037"
"MSL 104B CM-01 SP2023","30379037"
"MUS 032  PO-01 SP2023","10008674"
"MUS 037  PO-01 SP2023","10282816"
"MUS 071  PO-01 SP2023","10281423"
"MUS 072  SC-01 SP2023","20253827"
"MUS 089  SC-02 SP2023","20256638"
"MUS 170H SC-03 SP2023","20256638"
"MUS 177F SC-01 SP2023","20042137"
"NEUR188L KS-01 SP2023","20042221"
"ORST060  PZ-01 SP2023","50106905"
"ORST180  PZ-01 SP2023","50456340"
"PE  002  PO-01 SP2023","10348299"
"PE  016  PO-01 SP2023","10043269"
"PE  026  PO-01 SP2023","10043710"
"PE  033B PO-01 SP2023","10211579"
"PE  034  JP-01 SP2023","30031488"
"PE  038A PO-01 SP2023","10211579"
"PE  061  PO-02 SP2023","10313960"
"PE  070  PO-01 SP2023","10018386"
"PE  075K JP-01 SP2023","30273999"
"PE  077A PO-02 SP2023","10043269"
"PE  078A JP-01 SP2023","30322654"
"PE  085  PO-01 SP2023","10018386"
"PE  086  JP-01 SP2023","30274304"
"PE  140W PO-01 SP2023","10257490"
"PE  166  JP-01 SP2023","30219097"
"PE  247  JP-01 SP2023","30031488"
"PE  250  JP-01 SP2023","30031488"
"PHIL054  PO-01 SP2023","10364362"
"PHYS024  HM-01 SP2023","40005340"
"PHYS024R HM-01 SP2023","40188763"
"PHYS024R HM-02 SP2023","40088332"
"PHYS031L KS-01 SP2023","20042124"
"PHYS031LXKS-01 SP2023","20042124"
"PHYS052  HM-03 SP2023","40188763"
"PHYS100  KS-01 SP2023","20042212"
"PHYS116  HM-01 SP2023","40155256"
"PHYS134  HM-02 SP2023","40002362"
"PHYS191L PO-20 SP2023","10040539"
"PHYS199  HM-06 SP2023","40005461"
"POLI008  PO-01 SP2023","10346438"
"POLI089A PO-01 SP2023","10370025"
"POLI123  SC-01 SP2023","20042170"
"POLI191  PO-12 SP2023","10295529"
"POST050  PZ-01 SP2023","50010723"
"POST123  PZ-01 SP2023","50319703"
"PPE 001A CM-01 SP2023","30198175"
"PPE 001B CM-01 SP2023","30198175"
"PSYC091  PZ-01 SP2023","50434947"
"PSYC142  CM-01 SP2023","30346566"
"PSYC168  SC-01 SP2023","20197554"
"PSYC188  CM-01 SP2023","30075296"
"PSYC191  PO-08 SP2023","10246839"
"PSYC197A CM-03 SP2023","30384855"
"RLST011  PO-01 SP2023","10366468"
"RLST023  PO-01 SP2023","10370219"
"RLST064  CM-01 SP2023","30384858"
"RLST125  CM-01 SP2023","30153492"
"RLST191  PO-12 SP2023","10138018"
"RUSS013  PO-01 SP2023","10196894"
"RUST110  PO-01 SP2023","10030986"
"SOC 051  PO-04 SP2023","10366467"
"SPAN013  PO-01 SP2023","10196894"
"SPAN022  PZ-01 SP2023","50201601"
"SPAN033  SC-03 SP2023","20280576"
"SPAN044  PO-02 SP2023","10357931"
"SPAN044L CM-02 SP2023","30075707"
"SPAN102  CM-01 SP2023","30034894"
"THEA053HIPO-02 SP2023","10358182"
"THEA054C PO-01 SP2023","10370356"
"THEA080  PO-01 SP2023","10370492"
"THEA081  PO-01 SP2023","10099382"
"THEA192H PO-04 SP2023","10313659"
"WRIT001E HM-01 SP2023","40002799"
"AFRI010B AF-01 SP2023","10364460"
"AMST103  JT-01 SP2023","20264876"
"ANTH002  PZ-02 SP2023","50456488"
"ANTH027  SC-01 SP2023","20280654"
"ARHI178  PO-01 SP2023","10042860"
"ARHI191  SC-01 SP2023","20042124"
"ART 147  SC-01 SP2023","20042194"
"ASAM191  PO-04 SP2023","10358236"
"ASAM191  PO-60 SP2023","10098009"
"BIOL007  PO-01 SP2023","10282330"
"BIOL041C PO-02 SP2023","10087641"
"BIOL042L KS-01 SP2023","20042214"
"BIOL042L KS-02 SP2023","20042214"
"BIOL046R HM-01 SP2023","40163647"
"BIOL054  HM-01 SP2023","40005424"
"BIOL101  HM-01 SP2023","40084960"
"BIOL116  PO-01 SP2023","10014392"
"BIOL116  PO-01 SP2023","10014392"
"BIOL136L KS-01 SP2023","20256390"
"BIOL165A PO-01 SP2023","10032294"
"BIOL170  PO-01 SP2023","10043238"
"BIOL185E HM-01 SP2023","40209190"
"BIOL191F PO-16 SP2023","10120280"
"BIOL193  HM-01 SP2023","40005453"
"BIOL194B PO-44 SP2023","10306332"
"CHEM001B PO-01 SP2023","10042772"
"CHEM105  HM-01 SP2023","40116382"
"CHEM110B PO-01 SP2023","10026608"
"CHEM115 LPO-02 SP2023","10370221"
"CHEM117LXKS-03 SP2023","20264462"
"CHEM121  KS-01 SP2023","20264770"
"CHEM152  HM-02 SP2023","40215058"
"CHEM152  HM-19 SP2023","40000929"
"CHEM152  HM-20 SP2023","40118595"
"CHEM184  HM-01 SP2023","40043655"
"CHEM189L KS-01 SP2023","20042221"
"CHEM199  HM-01 SP2023","40215059"
"CHLT160  CH-01 SP2023","50421109"
"CHST015  CH-01 SP2023","20042153"
"CHST028  CH-01 SP2023","10357925"
"CLAS191  PO-04 SP2023","10254425"
"CORE002  SC-09 SP2023","20260063"
"CORE002  SC-10 SP2023","20042155"
"CORE079  HM-01 SP2023","40001194"
"CORE079R HM-01 SP2023","40043116"
"CORE079R HM-02 SP2023","40043116"
"CORE079R HM-03 SP2023","40043116"
"CORE079R HM-05 SP2023","40043116"
"CSCI036  CM-01 SP2023","30238435"
"CSCI054  PO-01 SP2023","10089127"
"CSCI131  HM-01 SP2023","40199068"
"CSCI131  HM-02 SP2023","40199068"
"CSCI131  HM-02 SP2023","40199068"
"CSCI140  HM-01 SP2023","40005489"
"CSCI140  PO-01 SP2023","10180184"
"CSCI181AJHM-02 SP2023","40215412"
"CSCI192  PO-12 SP2023","10357926"
"DANC100B SC-01 SP2023","20042149"
"DANC122  PO-01 SP2023","10087641"
"DANC181  PO-01 SP2023","10043312"
"EA  010  PO-01 SP2023","10356603"
"EA  039  PZ-01 SP2023","50456495"
"EA  099  PO-01 SP2023","10351684"
"EA  174  JT-01 SP2023","40005407"
"EA  185  PO-01 SP2023","10355937"
"ECON102  CM-03 SP2023","30353379"
"ECON120  CM-03 SP2023","30153484"
"ECON154  HM-01 SP2023","40205194"
"ECON180  CM-01 SP2023","30323934"
"ECON187  CM-01 SP2023","30212375"
"ECON190  PO-01 SP2023","10000768"
"ECON195  PO-04 SP2023","10213581"
"ENGL010B PZ-01 SP2023","50117734"
"ENGL089A PO-01 SP2023","10358080"
"ENGL098  PO-01 SP2023","10351610"
"ENGL170J PO-01 SP2023","10043340"
"ENGL191  PO-36 SP2023","10043340"
"ENGL195B PO-04 SP2023","10366644"
"ENGL197P SC-01 SP2023","20101401"
"ENGR004  HM-01 SP2023","40220653"
"ENGR004L HM-01 SP2023","40193798"
"ENGR004L HM-03 SP2023","40043284"
"ENGR080  HM-02 SP2023","40043116"
"ENGR151  HM-01 SP2023","40169710"
"ENGR180  HM-01 SP2023","10355937"
"ENGR185B HM-02 SP2023P2","40005500"
"FHS 010  CM-01 SP2023","30360181"
"FHS 010  CM-08 SP2023","30075314"
"FIN 301B CM-01 SP2023","30360657"
"FWS 010  CM-02 SP2023","30075299"
"GEOL125  PO-01 SP2023","10087641"
"GOVT060  CM-02 SP2023","30337792"
"GOVT071  CM-01 SP2023","30200474"
"GOVT148  CM-01 SP2023","30337792"
"GREK022  PO-01 SP2023","10183410"
"GRMT164  PO-01 SP2023","10030143"
"GWS 026  PO-01 SP2023","10369400"
"HIST059  PZ-01 SP2023","50451007"
"HIST112  SC-01 SP2023","20232127"
"HIST151  PZ-01 SP2023","50461079"
"HIST179  CM-01 SP2023","30294534"
"HIST187  PZ-01 SP2023","50205641"
"HIST197J SC-01 SP2023","20280686"
"HSA 010  HM-11 SP2023","40199067"
"HSA 010  HM-12 SP2023","40174154"
"HSA 010  HM-16 SP2023","40185205"
"HSA 010  HM-17 SP2023","40043654"
"ID  182  PO-01 SP2023","10087641"
"ID  199P3PO-01 SP2023","10240152"
"JAPN051B PO-01 SP2023","10035410"
"JAPN131  PO-01 SP2023","10089102"
"JAPN192  PO-04 SP2023","10089102"
"JPNT176  PO-01 SP2023","10042434"
"LGCS010  PZ-01 SP2023","50456485"
"LGCS112  PO-01 SP2023","10351654"
"LGCS191  PO-04 SP2023","10000076"
"LGCS191  PO-16 SP2023","10361280"
"LIT 132  CM-01 SP2023","30027530"
"LIT 155  HM-01 SP2023","40005441"
"MATH031  CM-01 SP2023","30212258"
"MATH031  CM-02 SP2023","30384837"
"MATH031  PO-02 SP2023","10348048"
"MATH032  PZ-01 SP2023","50461070"
"MATH055  CM-01 SP2023","30372698"
"MATH060  SC-01 SP2023","20042189"
"MATH062  HM-01 SP2023","40150702"
"MATH062  HM-02 SP2023","40220261"
"MATH164  HM-01 SP2023","40220655"
"MATH168  HM-01 SP2023","40005489"
"MATH168  HM-02 SP2023","40005489"
"MATH174  HM-01 SP2023","40005499"
"MATH197  HM-13 SP2023","40209186"
"MATH198  HM-02 SP2023","40220261"
"MCBI118A HM-01 SP2023P1","40005442"
"MLLC144  PZ-01 SP2023","50320584"
"MLLC188  PZ-01 SP2023","50010795"
"MOBI191B PO-48 SP2023","10175474"
"MOBI194B PO-04 SP2023","10345516"
"MS  049  PO-02 SP2023","10365571"
"MS  049  SC-01 SP2023","20268905"
"MS  087  PZ-01 SP2023","50010697"
"MSL 001A CM-01 SP2023","30372711"
"MUS 089  SC-01 SP2023","20276816"
"MUS 180F SC-01 SP2023","20187767"
"MUS 180F SC-02 SP2023","20276816"
"MUS 180H SC-01 SP2023","20187767"
"MUS 191  SC-01 SP2023","20187767"
"PE  009  JP-01 SP2023","30268765"
"PE  013  JP-01 SP2023","30385216"
"PE  015  PO-02 SP2023","10366637"
"PE  029C JP-01 SP2023","30255736"
"PE  032  PO-01 SP2023","10355964"
"PE  037C PO-01 SP2023","10211579"
"PE  063  PO-01 SP2023","10087641"
"PE  069  PO-01 SP2023","10035277"
"PE  075H JP-01 SP2023","30273999"
"PE  077A PO-01 SP2023","10035277"
"PE  237  JP-01 SP2023","30031488"
"PHIL039  CM-01 SP2023","30153489"
"PHIL070  PO-01 SP2023","10179615"
"PHIL186E PO-01 SP2023","10158952"
"PHYS052  HM-01 SP2023","40188763"
"PHYS052  HM-02 SP2023","40002362"
"PHYS100  KS-01 SP2023","20042212"
"PHYS188L KS-01 SP2023","20042221"
"PHYS194  HM-01 SP2023","40005461"
"PHYS197  HM-01 SP2023","40043116"
"PHYS197  KS-01 SP2023","20042124"
"PHYS199  HM-05 SP2023","40088332"
"PHYS199  HM-07 SP2023","40188763"
"POLI070  PO-01 SP2023","10295529"
"POLI131  PO-01 SP2023","10370025"
"POLI146  SC-01 SP2023","20042166"
"POLI147  PO-01 SP2023","10024018"
"PPE 011B CM-01 SP2023","30212112"
"PSYC081  CM-01 SP2023","30323939"
"PSYC096  CM-01 SP2023","30214075"
"PSYC103  SC-01 SP2023","20171378"
"PSYC117  PZ-01 SP2023","50010662"
"PSYC120  CM-01 SP2023","30384855"
"PSYC124  SC-01 SP2023","20277623"
"PSYC138  PZ-01 SP2023","50010708"
"PSYC162  PO-01 SP2023","10000076"
"PSYC183  SC-01 SP2023","20171378"
"PSYC191  PO-32 SP2023","10038267"
"PSYC197A CM-02 SP2023","30323939"
"PSYC197A CM-05 SP2023","30198177"
"PSYC197A CM-06 SP2023","30025477"
"RLIT191  PO-04 SP2023","10196661"
"SCI 010L CM-01 SP2023","30159755"
"SOC 051  PO-01 SP2023","10029372"
"SOC 110  PZ-01 SP2023","50461085"
"SOC 148  PO-01 SP2023","10029372"
"SOC 199B PZ-01 SP2023","50433469"
"SPAN022  CM-01 SP2023","30203478"
"SPAN033  SC-01 SP2023","20209844"
"SPAN044L CM-01 SP2023","30075707"
"SPAN044L CM-02 SP2023","30378972"
"SPAN192  PO-04 SP2023","10157105"
"SPAN199  PZ-01 SP2023","50010691"
"THEA001D PO-01 SP2023","10313659"
"THEA053CIPO-02 SP2023","10358182"
"WRIT153IOSC-01 SP2023","20101401"
"WRIT197P SC-01 SP2023","20101401"
